rep;DATASET_NBR;FEAT_EXTR_ALGORITHM;GROUND_TRUTH_TRESHOLD;KFOLDS;NBR_OF_SUPERPIXELS;PATCH_HEIGHT;PATCH_WIDTH;RANDOM_SEED;RF_MAX_DEPTH;RF_NBR_TREES;UNET_ADAGRAD_DECAY;UNET_ADAGRAD_EPSILON;UNET_ADAGRAD_LEARNING_RATE;UNET_ADAMAX_BETA1;UNET_ADAMAX_BETA2;UNET_ADAMAX_DECAY;UNET_ADAMAX_EPSILON;UNET_ADAMAX_LEARNING_RATE;UNET_ADAM_BETA1;UNET_ADAM_BETA2;UNET_ADAM_DECAY;UNET_ADAM_EPSILON;UNET_ADAM_LEARNING_RATE;UNET_BATCHSIZE;UNET_CURR_TRIAL;UNET_DATA_GAUSSIAN_NOISE_STD;UNET_DATA_HEIGHT_SHIFT;UNET_DATA_ROT_RANGE;UNET_DATA_SHEAR_RANGE;UNET_DATA_STEPS_PER_EPOCH;UNET_DATA_USE_GENERATOR;UNET_DATA_WIDTH_SHIFT;UNET_GAZE_FREEZE_ENCODER;UNET_GAZE_FREEZE_LAYER;UNET_GAZE_FREEZE_WEIGHT_FILE;UNET_GAZE_GAUSSIAN_STD;UNET_GAZE_VIDEO_NAME;UNET_LOSS;UNET_MODEL_NBR;UNET_NBR_EPOCHS;UNET_OPTIMIZER;UNET_SAVE_EPOCH_INTERVAL;UNET_SAVE_ONLY_BEST_WEIGHT;UNET_SGD_DECAY;UNET_SGD_LEARNING_RATE;UNET_SGD_MOMENTUM;UNET_SGD_NESTEROV;UNET_VALIDATION_SPLIT;acc_@_f1_score_max;accuracy;f1_max_px_lvl;f1_score;f1_score_max;pre_@_f1_score_max;pre_px_lvl;precision;rec_@_f1_score_max;rec_px_lvl;recall;th_@_f1_score_max
0;9.0;unet_gaze;0.5;5.0;200.0;32.0;32.0;0.0;0.0;150.0;0.0;1e-08;0.0001;0.9;0.999;0.0;1e-08;0.0001;0.9;0.999;0.0;1e-08;0.0001;4.0;0.0;13.0;0.2;11.25;22.5;2000.0;1.0;0.2;0.0;enc_3;./datasets/11/unet/000/weights.h5;6.0;video1.csv;bce;5.0;100.0;adam;10.0;0.0;0.0;0.0001;0.0;0.0;0.0;0.999239334022;0.999125251118;0.9041591827758322;0.966505551126;0.978411603898;0.988768115942;0.9483868615492916;0.988315565032;0.968651911469;0.8638727873308485;0.945915492958;0.514666666667
1;9.0;unet_gaze;0.5;5.0;200.0;32.0;32.0;0.0;0.0;150.0;0.0;1e-08;0.0001;0.9;0.999;0.0;1e-08;0.0001;0.9;0.999;0.0;1e-08;0.0001;4.0;1.0;13.0;0.2;11.25;22.5;2000.0;1.0;0.2;0.0;enc_3;./datasets/11/unet/000/weights.h5;6.0;video1.csv;bce;5.0;100.0;adam;10.0;0.0;0.0;0.0001;0.0;0.0;0.0;0.999277421917;0.998935122587;0.9074975670025208;0.959135053631;0.980257635922;0.974912945345;0.9325017857383523;0.979586442786;0.985794768612;0.8837992637422434;0.94032193159;0.350666666667
2;9.0;unet_gaze;0.5;5.0;200.0;32.0;32.0;0.0;0.0;150.0;0.0;1e-08;0.0001;0.9;0.999;0.0;1e-08;0.0001;0.9;0.999;0.0;1e-08;0.0001;4.0;2.0;13.0;0.2;11.25;22.5;2000.0;1.0;0.2;0.0;enc_3;./datasets/11/unet/000/weights.h5;6.0;video1.csv;bce;5.0;100.0;adam;10.0;0.0;0.0;0.0001;0.0;0.0;0.0;0.999239334022;0.999125251118;0.905209498351458;0.966754169457;0.978386194785;0.986111111111;0.938011490820221;0.979906156305;0.971509054326;0.8746241432253812;0.954486921529;0.456
3;9.0;unet_gaze;0.5;5.0;200.0;32.0;32.0;0.0;0.0;150.0;0.0;1e-08;0.0001;0.9;0.999;0.0;1e-08;0.0001;0.9;0.999;0.0;1e-08;0.0001;4.0;3.0;13.0;0.2;11.25;22.5;2000.0;1.0;0.2;0.0;enc_3;./datasets/11/unet/000/weights.h5;6.0;video1.csv;bce;5.0;100.0;adam;10.0;0.0;0.0;0.0001;0.0;0.0;0.0;0.999353482004;0.999429563788;0.9097670191889792;0.978121645906;0.982957020659;0.983016942233;0.9389358734922564;0.993981900452;0.982977867203;0.8823558715406488;0.963138832998;0.396
4;9.0;unet_gaze;0.5;5.0;200.0;32.0;32.0;0.0;0.0;150.0;0.0;1e-08;0.0001;0.9;0.999;0.0;1e-08;0.0001;0.9;0.999;0.0;1e-08;0.0001;4.0;4.0;13.0;0.2;11.25;22.5;2000.0;1.0;0.2;0.0;enc_3;./datasets/11/unet/000/weights.h5;6.0;video1.csv;bce;5.0;100.0;adam;10.0;0.0;0.0;0.0001;0.0;0.0;0.0;0.999125236652;0.999011168211;0.9029077234139241;0.962333113365;0.973298002512;0.96720584263;0.9319938218226711;0.979623675557;0.980040241449;0.8755821468990059;0.945915492958;0.330666666667
5;9.0;unet_gaze;0.5;5.0;200.0;32.0;32.0;0.0;0.0;150.0;0.0;1e-08;0.0001;0.9;0.999;0.0;1e-08;0.0001;0.9;0.999;0.0;1e-08;0.0001;4.0;5.0;13.0;0.2;11.25;22.5;2000.0;1.0;0.2;0.0;enc_3;./datasets/11/unet/000/weights.h5;6.0;video1.csv;bce;5.0;100.0;adam;10.0;0.0;0.0;0.0001;0.0;0.0;0.0;0.999087242767;0.998973116475;0.9068709983322113;0.960379023008;0.97280120371;0.977372833191;0.9401799523929665;0.988227424749;0.968732394366;0.8758414465600004;0.93444668008;0.409333333333
6;9.0;unet_gaze;0.5;5.0;200.0;32.0;32.0;0.0;0.0;150.0;0.0;1e-08;0.0001;0.9;0.999;0.0;1e-08;0.0001;0.9;0.999;0.0;1e-08;0.0001;4.0;6.0;13.0;0.2;11.25;22.5;2000.0;1.0;0.2;0.0;enc_3;./datasets/11/unet/000/weights.h5;6.0;video1.csv;bce;5.0;100.0;adam;10.0;0.0;0.0;0.0001;0.0;0.0;0.0;0.999429563793;0.999239449725;0.9086968670918043;0.970753619738;0.985775075988;0.985754527163;0.9339551916812289;0.985135997142;0.98583501006;0.8847687634599516;0.957505030181;0.392
7;9.0;unet_gaze;0.5;5.0;200.0;32.0;32.0;0.0;0.0;150.0;0.0;1e-08;0.0001;0.9;0.999;0.0;1e-08;0.0001;0.9;0.999;0.0;1e-08;0.0001;4.0;7.0;13.0;0.2;11.25;22.5;2000.0;1.0;0.2;0.0;enc_3;./datasets/11/unet/000/weights.h5;6.0;video1.csv;bce;5.0;100.0;adam;10.0;0.0;0.0;0.0001;0.0;0.0;0.0;0.999087199376;0.998935079201;0.9034587983898629;0.95862763202;0.974464707869;0.969004161958;0.9302931067146607;0.982412504341;0.980040241449;0.8781291593326164;0.93722334004;0.286666666667
8;9.0;unet_gaze;0.5;5.0;200.0;32.0;32.0;0.0;0.0;150.0;0.0;1e-08;0.0001;0.9;0.999;0.0;1e-08;0.0001;0.9;0.999;0.0;1e-08;0.0001;4.0;8.0;13.0;0.2;11.25;22.5;2000.0;1.0;0.2;0.0;enc_3;./datasets/11/unet/000/weights.h5;6.0;video1.csv;bce;5.0;100.0;adam;10.0;0.0;0.0;0.0001;0.0;0.0;0.0;0.999315401339;0.999315401339;0.9087968145677059;0.973984708662;0.981534661495;0.980591463545;0.9397017556065771;0.988795747291;0.982897384306;0.8798599526362983;0.960040241449;0.389333333333
9;9.0;unet_gaze;0.5;5.0;200.0;32.0;32.0;0.0;0.0;150.0;0.0;1e-08;0.0001;0.9;0.999;0.0;1e-08;0.0001;0.9;0.999;0.0;1e-08;0.0001;4.0;9.0;13.0;0.2;11.25;22.5;2000.0;1.0;0.2;0.0;enc_3;./datasets/11/unet/000/weights.h5;6.0;video1.csv;bce;5.0;100.0;adam;10.0;0.0;0.0;0.0001;0.0;0.0;0.0;0.999011081434;0.998858954021;0.9028525375364062;0.956540658115;0.970514400126;0.967434763379;0.9268848537683622;0.974979700324;0.974325955734;0.8800349479740138;0.940160965795;0.369333333333
10;9.0;unet_gaze;0.5;5.0;200.0;32.0;32.0;0.0;0.0;150.0;0.0;1e-08;0.0001;0.9;0.999;0.0;1e-08;0.0001;0.9;0.999;0.0;1e-08;0.0001;4.0;0.0;13.0;0.2;11.25;22.5;2000.0;1.0;0.2;0.0;enc_3;./datasets/11/unet/000/weights.h5;6.0;video1.csv;bce;5.0;100.0;adam;10.0;0.0;0.0;0.0001;0.0;0.0;0.0;0.999315408575;0.999163273934;0.9068785173263513;0.968278441657;0.980077166127;0.980425875154;0.9359718136788477;0.982806143269;0.980080482897;0.8795393407401919;0.954406438632;0.396
11;9.0;unet_gaze;0.5;5.0;200.0;32.0;32.0;0.0;0.0;150.0;0.0;1e-08;0.0001;0.9;0.999;0.0;1e-08;0.0001;0.9;0.999;0.0;1e-08;0.0001;4.0;1.0;13.0;0.2;11.25;22.5;2000.0;1.0;0.2;0.0;enc_3;./datasets/11/unet/000/weights.h5;6.0;video1.csv;bce;5.0;100.0;adam;10.0;0.0;0.0;0.0001;0.0;0.0;0.0;0.999163252236;0.99908717045;0.907344159273203;0.964893735445;0.974362594588;0.971857659561;0.9338662967559807;0.988097176455;0.977142857143;0.8822868952761478;0.942937625755;0.370666666667
12;9.0;unet_gaze;0.5;5.0;200.0;32.0;32.0;0.0;0.0;150.0;0.0;1e-08;0.0001;0.9;0.999;0.0;1e-08;0.0001;0.9;0.999;0.0;1e-08;0.0001;4.0;2.0;13.0;0.2;11.25;22.5;2000.0;1.0;0.2;0.0;enc_3;./datasets/11/unet/000/weights.h5;6.0;video1.csv;bce;5.0;100.0;adam;10.0;0.0;0.0;0.0001;0.0;0.0;0.0;0.999125272811;0.998935086431;0.9052948305073019;0.95916965102;0.975737255624;0.975029290294;0.9350290830237633;0.979510367393;0.977344064386;0.8773934125112726;0.940120724346;0.434666666667
13;9.0;unet_gaze;0.5;5.0;200.0;32.0;32.0;0.0;0.0;150.0;0.0;1e-08;0.0001;0.9;0.999;0.0;1e-08;0.0001;0.9;0.999;0.0;1e-08;0.0001;4.0;3.0;13.0;0.2;11.25;22.5;2000.0;1.0;0.2;0.0;enc_3;./datasets/11/unet/000/weights.h5;6.0;video1.csv;bce;5.0;100.0;adam;10.0;0.0;0.0;0.0001;0.0;0.0;0.0;0.999239399103;0.999239399103;0.9074798400651762;0.970667940512;0.978519026809;0.979989496513;0.9375367727173676;0.994160272805;0.977344064386;0.8792902597850495;0.948893360161;0.338666666667
14;9.0;unet_gaze;0.5;5.0;200.0;32.0;32.0;0.0;0.0;150.0;0.0;1e-08;0.0001;0.9;0.999;0.0;1e-08;0.0001;0.9;0.999;0.0;1e-08;0.0001;4.0;4.0;13.0;0.2;11.25;22.5;2000.0;1.0;0.2;0.0;enc_3;./datasets/11/unet/000/weights.h5;6.0;video1.csv;bce;5.0;100.0;adam;10.0;0.0;0.0;0.0001;0.0;0.0;0.0;0.999239305093;0.999315372414;0.9084024377665938;0.973951471444;0.977218856851;0.974667797275;0.9351525357246715;0.985458528166;0.980040241449;0.8831401572147896;0.962897384306;0.396
15;9.0;unet_gaze;0.5;5.0;200.0;32.0;32.0;0.0;0.0;150.0;0.0;1e-08;0.0001;0.9;0.999;0.0;1e-08;0.0001;0.9;0.999;0.0;1e-08;0.0001;4.0;5.0;13.0;0.2;11.25;22.5;2000.0;1.0;0.2;0.0;enc_3;./datasets/11/unet/000/weights.h5;6.0;video1.csv;bce;5.0;100.0;adam;10.0;0.0;0.0;0.0001;0.0;0.0;0.0;0.999163266704;0.998935057511;0.9050380999850537;0.958768745451;0.975535397121;0.979863694388;0.933932970869248;0.984967823924;0.971468812877;0.8778775237010109;0.934366197183;0.372
16;9.0;unet_gaze;0.5;5.0;200.0;32.0;32.0;0.0;0.0;150.0;0.0;1e-08;0.0001;0.9;0.999;0.0;1e-08;0.0001;0.9;0.999;0.0;1e-08;0.0001;4.0;6.0;13.0;0.2;11.25;22.5;2000.0;1.0;0.2;0.0;enc_3;./datasets/11/unet/000/weights.h5;6.0;video1.csv;bce;5.0;100.0;adam;10.0;0.0;0.0;0.0001;0.0;0.0;0.0;0.999239377408;0.999239377408;0.9078232745870118;0.971113977101;0.978721679534;0.977461386678;0.935196220772748;0.988443496802;0.980120724346;0.8820071582034493;0.95444668008;0.376
17;9.0;unet_gaze;0.5;5.0;200.0;32.0;32.0;0.0;0.0;150.0;0.0;1e-08;0.0001;0.9;0.999;0.0;1e-08;0.0001;0.9;0.999;0.0;1e-08;0.0001;4.0;7.0;13.0;0.2;11.25;22.5;2000.0;1.0;0.2;0.0;enc_3;./datasets/11/unet/000/weights.h5;6.0;video1.csv;bce;5.0;100.0;adam;10.0;0.0;0.0;0.0001;0.0;0.0;0.0;0.999201303975;0.998973102012;0.9022420193611779;0.960288901679;0.977058412197;0.98285481002;0.9372961781642027;0.988276647453;0.971509054326;0.8697153324017279;0.934486921529;0.441333333333
18;9.0;unet_gaze;0.5;5.0;200.0;32.0;32.0;0.0;0.0;150.0;0.0;1e-08;0.0001;0.9;0.999;0.0;1e-08;0.0001;0.9;0.999;0.0;1e-08;0.0001;4.0;8.0;13.0;0.2;11.25;22.5;2000.0;1.0;0.2;0.0;enc_3;./datasets/11/unet/000/weights.h5;6.0;video1.csv;bce;5.0;100.0;adam;10.0;0.0;0.0;0.0001;0.0;0.0;0.0;0.999163302857;0.999201340134;0.9055696944295173;0.969612478085;0.975744243511;0.977141690724;0.9322435089351895;0.985548654244;0.974406438632;0.8803798292965187;0.95444668008;0.4
19;9.0;unet_gaze;0.5;5.0;200.0;32.0;32.0;0.0;0.0;150.0;0.0;1e-08;0.0001;0.9;0.999;0.0;1e-08;0.0001;0.9;0.999;0.0;1e-08;0.0001;4.0;9.0;13.0;0.2;11.25;22.5;2000.0;1.0;0.2;0.0;enc_3;./datasets/11/unet/000/weights.h5;6.0;video1.csv;bce;5.0;100.0;adam;10.0;0.0;0.0;0.0001;0.0;0.0;0.0;0.999353416923;0.999201289513;0.9073637792270774;0.969301879548;0.982689589988;0.988481454014;0.9425637637472299;0.98880952381;0.977142857143;0.8746982288428082;0.951509054326;0.424
20;9.0;unet_gaze;0.5;5.0;200.0;32.0;32.0;0.0;0.0;150.0;0.0;1e-08;0.0001;0.9;0.999;0.0;1e-08;0.0001;0.9;0.999;0.0;1e-08;0.0001;4.0;0.0;13.0;0.2;11.25;22.5;2000.0;1.0;0.2;0.0;enc_3;./datasets/11/unet/000/weights.h5;6.0;video1.csv;bce;5.0;100.0;adam;10.0;0.0;0.0;0.0001;0.0;0.0;0.0;0.999125280041;0.99920137629;0.9050876896122853;0.969719813484;0.975640593924;0.975437066846;0.9339475096644451;0.979660208839;0.977424547284;0.8779579960095953;0.960241448692;0.478666666667
21;9.0;unet_gaze;0.5;5.0;200.0;32.0;32.0;0.0;0.0;150.0;0.0;1e-08;0.0001;0.9;0.999;0.0;1e-08;0.0001;0.9;0.999;0.0;1e-08;0.0001;4.0;1.0;13.0;0.2;11.25;22.5;2000.0;1.0;0.2;0.0;enc_3;./datasets/11/unet/000/weights.h5;6.0;video1.csv;bce;5.0;100.0;adam;10.0;0.0;0.0;0.0001;0.0;0.0;0.0;0.999277385759;0.999201296743;0.906054826654812;0.969476199763;0.97845438857;0.985625428974;0.9396974857257337;0.985791217896;0.971509054326;0.8747378263279847;0.954366197183;0.456
22;9.0;unet_gaze;0.5;5.0;200.0;32.0;32.0;0.0;0.0;150.0;0.0;1e-08;0.0001;0.9;0.999;0.0;1e-08;0.0001;0.9;0.999;0.0;1e-08;0.0001;4.0;2.0;13.0;0.2;11.25;22.5;2000.0;1.0;0.2;0.0;enc_3;./datasets/11/unet/000/weights.h5;6.0;video1.csv;bce;5.0;100.0;adam;10.0;0.0;0.0;0.0001;0.0;0.0;0.0;0.99916328117;0.999163266707;0.9057560196503907;0.968459664175;0.976134753719;0.970058823529;0.9288922125540562;0.97736318408;0.982857142857;0.8837443381982889;0.960040241449;0.381333333333
23;9.0;unet_gaze;0.5;5.0;200.0;32.0;32.0;0.0;0.0;150.0;0.0;1e-08;0.0001;0.9;0.999;0.0;1e-08;0.0001;0.9;0.999;0.0;1e-08;0.0001;4.0;3.0;13.0;0.2;11.25;22.5;2000.0;1.0;0.2;0.0;enc_3;./datasets/11/unet/000/weights.h5;6.0;video1.csv;bce;5.0;100.0;adam;10.0;0.0;0.0;0.0001;0.0;0.0;0.0;0.999201340134;0.99908725723;0.9078852550801962;0.96478559811;0.977340043096;0.972093613701;0.9372762732702999;0.991289274106;0.982937625755;0.8802814742526933;0.940281690141;0.353333333333
24;9.0;unet_gaze;0.5;5.0;200.0;32.0;32.0;0.0;0.0;150.0;0.0;1e-08;0.0001;0.9;0.999;0.0;1e-08;0.0001;0.9;0.999;0.0;1e-08;0.0001;4.0;4.0;13.0;0.2;11.25;22.5;2000.0;1.0;0.2;0.0;enc_3;./datasets/11/unet/000/weights.h5;6.0;video1.csv;bce;5.0;100.0;adam;10.0;0.0;0.0;0.0001;0.0;0.0;0.0;0.99935340969;0.999087141524;0.9053967391017487;0.964499294877;0.984335066722;0.983097473731;0.9363477069453504;0.987772999947;0.985714285714;0.8764264674700273;0.942897384306;0.402666666667
25;9.0;unet_gaze;0.5;5.0;200.0;32.0;32.0;0.0;0.0;150.0;0.0;1e-08;0.0001;0.9;0.999;0.0;1e-08;0.0001;0.9;0.999;0.0;1e-08;0.0001;4.0;5.0;13.0;0.2;11.25;22.5;2000.0;1.0;0.2;0.0;enc_3;./datasets/11/unet/000/weights.h5;6.0;video1.csv;bce;5.0;100.0;adam;10.0;0.0;0.0;0.0001;0.0;0.0;0.0;0.999391468662;0.999049147636;0.9036319234512569;0.963031757107;0.984190700109;0.991587301587;0.9373405167976391;0.988530020704;0.97722334004;0.8722636221735698;0.940160965795;0.405333333333
26;9.0;unet_gaze;0.5;5.0;200.0;32.0;32.0;0.0;0.0;150.0;0.0;1e-08;0.0001;0.9;0.999;0.0;1e-08;0.0001;0.9;0.999;0.0;1e-08;0.0001;4.0;6.0;13.0;0.2;11.25;22.5;2000.0;1.0;0.2;0.0;enc_3;./datasets/11/unet/000/weights.h5;6.0;video1.csv;bce;5.0;100.0;adam;10.0;0.0;0.0;0.0001;0.0;0.0;0.0;0.999125222192;0.999163252236;0.9052902124294362;0.967959731122;0.974293931563;0.972197183552;0.9285333469416807;0.985367965368;0.977142857143;0.883182309376429;0.951509054326;0.338666666667
27;9.0;unet_gaze;0.5;5.0;200.0;32.0;32.0;0.0;0.0;150.0;0.0;1e-08;0.0001;0.9;0.999;0.0;1e-08;0.0001;0.9;0.999;0.0;1e-08;0.0001;4.0;7.0;13.0;0.2;11.25;22.5;2000.0;1.0;0.2;0.0;enc_3;./datasets/11/unet/000/weights.h5;6.0;video1.csv;bce;5.0;100.0;adam;10.0;0.0;0.0;0.0001;0.0;0.0;0.0;0.999125236655;0.99901117545;0.9067416256487406;0.96185073637;0.974453425227;0.97257875757;0.9373746299409951;0.985375494071;0.977183098592;0.8780474096858003;0.940160965795;0.368
28;9.0;unet_gaze;0.5;5.0;200.0;32.0;32.0;0.0;0.0;150.0;0.0;1e-08;0.0001;0.9;0.999;0.0;1e-08;0.0001;0.9;0.999;0.0;1e-08;0.0001;4.0;8.0;13.0;0.2;11.25;22.5;2000.0;1.0;0.2;0.0;enc_3;./datasets/11/unet/000/weights.h5;6.0;video1.csv;bce;5.0;100.0;adam;10.0;0.0;0.0;0.0001;0.0;0.0;0.0;0.999239348482;0.999239341249;0.9042543417560894;0.971029817968;0.978392432241;0.991666666667;0.9443103381148111;0.988487394958;0.965875251509;0.8674582757466681;0.95444668008;0.497333333333
29;9.0;unet_gaze;0.5;5.0;200.0;32.0;32.0;0.0;0.0;150.0;0.0;1e-08;0.0001;0.9;0.999;0.0;1e-08;0.0001;0.9;0.999;0.0;1e-08;0.0001;4.0;9.0;13.0;0.2;11.25;22.5;2000.0;1.0;0.2;0.0;enc_3;./datasets/11/unet/000/weights.h5;6.0;video1.csv;bce;5.0;100.0;adam;10.0;0.0;0.0;0.0001;0.0;0.0;0.0;0.999277385759;0.999011153754;0.9014792121052676;0.962155216004;0.980201061463;0.977581041806;0.9218974272015125;0.98268907563;0.982937625755;0.8819458459683374;0.943018108652;0.301333333333
30;9.0;unet_gaze;0.5;5.0;200.0;32.0;32.0;0.0;0.0;150.0;0.0;1e-08;0.0001;0.9;0.999;0.0;1e-08;0.0001;0.9;0.999;0.0;1e-08;0.0001;4.0;0.0;13.0;0.2;11.25;22.5;2000.0;1.0;0.2;0.0;enc_3;./datasets/11/unet/000/weights.h5;6.0;video1.csv;bce;5.0;100.0;adam;10.0;0.0;0.0;0.0001;0.0;0.0;0.0;0.999239370175;0.99916333901;0.9082880416902447;0.968234637963;0.978830585833;0.978011204482;0.9366225088274968;0.98265010352;0.980040241449;0.8816175700428419;0.954527162978;0.394666666667
31;9.0;unet_gaze;0.5;5.0;200.0;32.0;32.0;0.0;0.0;150.0;0.0;1e-08;0.0001;0.9;0.999;0.0;1e-08;0.0001;0.9;0.999;0.0;1e-08;0.0001;4.0;1.0;13.0;0.2;11.25;22.5;2000.0;1.0;0.2;0.0;enc_3;./datasets/11/unet/000/weights.h5;6.0;video1.csv;bce;5.0;100.0;adam;10.0;0.0;0.0;0.0001;0.0;0.0;0.0;0.999239319556;0.999315394109;0.9059977808164937;0.973827335354;0.978538104979;0.982934075038;0.9338699201763794;0.994117647059;0.974325955734;0.8797411601807689;0.954406438632;0.381333333333
32;9.0;unet_gaze;0.5;5.0;200.0;32.0;32.0;0.0;0.0;150.0;0.0;1e-08;0.0001;0.9;0.999;0.0;1e-08;0.0001;0.9;0.999;0.0;1e-08;0.0001;4.0;2.0;13.0;0.2;11.25;22.5;2000.0;1.0;0.2;0.0;enc_3;./datasets/11/unet/000/weights.h5;6.0;video1.csv;bce;5.0;100.0;adam;10.0;0.0;0.0;0.0001;0.0;0.0;0.0;0.999201303973;0.999087192143;0.906579524792609;0.964972635196;0.975469983749;0.982720673417;0.9408062754579861;0.985413193771;0.968651911469;0.8747557090632256;0.94583501006;0.42
33;9.0;unet_gaze;0.5;5.0;200.0;32.0;32.0;0.0;0.0;150.0;0.0;1e-08;0.0001;0.9;0.999;0.0;1e-08;0.0001;0.9;0.999;0.0;1e-08;0.0001;4.0;3.0;13.0;0.2;11.25;22.5;2000.0;1.0;0.2;0.0;enc_3;./datasets/11/unet/000/weights.h5;6.0;video1.csv;bce;5.0;100.0;adam;10.0;0.0;0.0;0.0001;0.0;0.0;0.0;0.999277378528;0.999277400221;0.9064417633563848;0.972144938511;0.979733155465;0.98613619831;0.9380444273188249;0.991217823924;0.974285714286;0.8768990826156822;0.954486921529;0.397333333333
34;9.0;unet_gaze;0.5;5.0;200.0;32.0;32.0;0.0;0.0;150.0;0.0;1e-08;0.0001;0.9;0.999;0.0;1e-08;0.0001;0.9;0.999;0.0;1e-08;0.0001;4.0;4.0;13.0;0.2;11.25;22.5;2000.0;1.0;0.2;0.0;enc_3;./datasets/11/unet/000/weights.h5;6.0;video1.csv;bce;5.0;100.0;adam;10.0;0.0;0.0;0.0001;0.0;0.0;0.0;0.999087184913;0.999049162102;0.9049427558074176;0.963624727789;0.973280029932;0.964369256475;0.932303582724789;0.982426615133;0.982937625755;0.8791420885501956;0.945875251509;0.338666666667
35;9.0;unet_gaze;0.5;5.0;200.0;32.0;32.0;0.0;0.0;150.0;0.0;1e-08;0.0001;0.9;0.999;0.0;1e-08;0.0001;0.9;0.999;0.0;1e-08;0.0001;4.0;5.0;13.0;0.2;11.25;22.5;2000.0;1.0;0.2;0.0;enc_3;./datasets/11/unet/000/weights.h5;6.0;video1.csv;bce;5.0;100.0;adam;10.0;0.0;0.0;0.0001;0.0;0.0;0.0;0.999277392991;0.999087213839;0.9034687631080043;0.964803121092;0.979955802662;0.985869565217;0.9387127023666415;0.985424938598;0.974406438632;0.8707755231338727;0.94583501006;0.449333333333
36;9.0;unet_gaze;0.5;5.0;200.0;32.0;32.0;0.0;0.0;150.0;0.0;1e-08;0.0001;0.9;0.999;0.0;1e-08;0.0001;0.9;0.999;0.0;1e-08;0.0001;4.0;6.0;13.0;0.2;11.25;22.5;2000.0;1.0;0.2;0.0;enc_3;./datasets/11/unet/000/weights.h5;6.0;video1.csv;bce;5.0;100.0;adam;10.0;0.0;0.0;0.0001;0.0;0.0;0.0;0.99912521496;0.999049133174;0.9077302833655382;0.96341294228;0.976043566363;0.969585078036;0.9345815255110945;0.984976123621;0.982937625755;0.8823788636288157;0.942977867203;0.318666666667
37;9.0;unet_gaze;0.5;5.0;200.0;32.0;32.0;0.0;0.0;150.0;0.0;1e-08;0.0001;0.9;0.999;0.0;1e-08;0.0001;0.9;0.999;0.0;1e-08;0.0001;4.0;7.0;13.0;0.2;11.25;22.5;2000.0;1.0;0.2;0.0;enc_3;./datasets/11/unet/000/weights.h5;6.0;video1.csv;bce;5.0;100.0;adam;10.0;0.0;0.0;0.0001;0.0;0.0;0.0;0.999201289515;0.999087192149;0.9026170525290601;0.964893476523;0.975517378089;0.985546218487;0.9404234701293668;0.988142173257;0.965754527163;0.8677329034664405;0.942977867203;0.441333333333
38;9.0;unet_gaze;0.5;5.0;200.0;32.0;32.0;0.0;0.0;150.0;0.0;1e-08;0.0001;0.9;0.999;0.0;1e-08;0.0001;0.9;0.999;0.0;1e-08;0.0001;4.0;8.0;13.0;0.2;11.25;22.5;2000.0;1.0;0.2;0.0;enc_3;./datasets/11/unet/000/weights.h5;6.0;video1.csv;bce;5.0;100.0;adam;10.0;0.0;0.0;0.0001;0.0;0.0;0.0;0.999201332901;0.999201347364;0.9067320929634359;0.969406537607;0.977203210076;0.977222173621;0.9323051886716073;0.991043445872;0.977263581489;0.8825244801872066;0.948812877264;0.361333333333
39;9.0;unet_gaze;0.5;5.0;200.0;32.0;32.0;0.0;0.0;150.0;0.0;1e-08;0.0001;0.9;0.999;0.0;1e-08;0.0001;0.9;0.999;0.0;1e-08;0.0001;4.0;9.0;13.0;0.2;11.25;22.5;2000.0;1.0;0.2;0.0;enc_3;./datasets/11/unet/000/weights.h5;6.0;video1.csv;bce;5.0;100.0;adam;10.0;0.0;0.0;0.0001;0.0;0.0;0.0;0.999201260584;0.999049154869;0.9022631817336181;0.96364931501;0.976650822602;0.985525793651;0.9295028166095308;0.982345415778;0.968571428571;0.8765746387048812;0.945875251509;0.368
40;9.0;unet_gaze;0.5;5.0;200.0;32.0;32.0;0.0;0.0;150.0;0.0;1e-08;0.0001;0.9;0.999;0.0;1e-08;0.0001;0.9;0.999;0.0;1e-08;0.0001;4.0;0.0;13.0;0.2;11.25;22.5;2000.0;1.0;0.2;0.0;enc_3;./datasets/11/unet/000/weights.h5;6.0;video1.csv;bce;5.0;100.0;adam;10.0;0.0;0.0;0.0001;0.0;0.0;0.0;0.999125287276;0.999201340134;0.906725976448417;0.969461767112;0.975583810058;0.983768115942;0.944960380282802;0.98865074505;0.968812877264;0.8714652857788825;0.951670020121;0.48
41;9.0;unet_gaze;0.5;5.0;200.0;32.0;32.0;0.0;0.0;150.0;0.0;1e-08;0.0001;0.9;0.999;0.0;1e-08;0.0001;0.9;0.999;0.0;1e-08;0.0001;4.0;1.0;13.0;0.2;11.25;22.5;2000.0;1.0;0.2;0.0;enc_3;./datasets/11/unet/000/weights.h5;6.0;video1.csv;bce;5.0;100.0;adam;10.0;0.0;0.0;0.0001;0.0;0.0;0.0;0.999201267817;0.999049140409;0.9040021297600103;0.963209917758;0.976530559641;0.983135479544;0.9411690708395828;0.985094567035;0.971428571429;0.869659129519542;0.942897384306;0.438666666667
42;9.0;unet_gaze;0.5;5.0;200.0;32.0;32.0;0.0;0.0;150.0;0.0;1e-08;0.0001;0.9;0.999;0.0;1e-08;0.0001;0.9;0.999;0.0;1e-08;0.0001;4.0;2.0;13.0;0.2;11.25;22.5;2000.0;1.0;0.2;0.0;enc_3;./datasets/11/unet/000/weights.h5;6.0;video1.csv;bce;5.0;100.0;adam;10.0;0.0;0.0;0.0001;0.0;0.0;0.0;0.999315423032;0.999201354591;0.906579468285739;0.969425245916;0.981773041637;0.97823028508;0.9359800759800487;0.985153397327;0.985754527163;0.878969647888943;0.954567404427;0.4
43;9.0;unet_gaze;0.5;5.0;200.0;32.0;32.0;0.0;0.0;150.0;0.0;1e-08;0.0001;0.9;0.999;0.0;1e-08;0.0001;0.9;0.999;0.0;1e-08;0.0001;4.0;3.0;13.0;0.2;11.25;22.5;2000.0;1.0;0.2;0.0;enc_3;./datasets/11/unet/000/weights.h5;6.0;video1.csv;bce;5.0;100.0;adam;10.0;0.0;0.0;0.0001;0.0;0.0;0.0;0.999201311208;0.999163288397;0.9077858546466029;0.968083720301;0.977384026336;0.972139641502;0.9352561158817179;0.982706118238;0.982937625755;0.8818832563949939;0.954406438632;0.404
44;9.0;unet_gaze;0.5;5.0;200.0;32.0;32.0;0.0;0.0;150.0;0.0;1e-08;0.0001;0.9;0.999;0.0;1e-08;0.0001;0.9;0.999;0.0;1e-08;0.0001;4.0;4.0;13.0;0.2;11.25;22.5;2000.0;1.0;0.2;0.0;enc_3;./datasets/11/unet/000/weights.h5;6.0;video1.csv;bce;5.0;100.0;adam;10.0;0.0;0.0;0.0001;0.0;0.0;0.0;0.999201296745;0.999011110363;0.9057143422275847;0.961670011441;0.978915818818;0.975467646458;0.9359812600159164;0.982229979137;0.982937625755;0.8773435963202441;0.942977867203;0.410666666667
45;9.0;unet_gaze;0.5;5.0;200.0;32.0;32.0;0.0;0.0;150.0;0.0;1e-08;0.0001;0.9;0.999;0.0;1e-08;0.0001;0.9;0.999;0.0;1e-08;0.0001;4.0;5.0;13.0;0.2;11.25;22.5;2000.0;1.0;0.2;0.0;enc_3;./datasets/11/unet/000/weights.h5;6.0;video1.csv;bce;5.0;100.0;adam;10.0;0.0;0.0;0.0001;0.0;0.0;0.0;0.999239319556;0.999201267817;0.9082120782117696;0.969673395658;0.978817766363;0.975215478798;0.9345160152591914;0.980016116035;0.982897384306;0.883348363346524;0.960080482897;0.396
46;9.0;unet_gaze;0.5;5.0;200.0;32.0;32.0;0.0;0.0;150.0;0.0;1e-08;0.0001;0.9;0.999;0.0;1e-08;0.0001;0.9;0.999;0.0;1e-08;0.0001;4.0;6.0;13.0;0.2;11.25;22.5;2000.0;1.0;0.2;0.0;enc_3;./datasets/11/unet/000/weights.h5;6.0;video1.csv;bce;5.0;100.0;adam;10.0;0.0;0.0;0.0001;0.0;0.0;0.0;0.99923936295;0.999125272816;0.9055746435377486;0.966429687785;0.978348854347;0.985780338597;0.9440530850561076;0.982416125541;0.971549295775;0.8701100299152614;0.951549295775;0.497333333333
47;9.0;unet_gaze;0.5;5.0;200.0;32.0;32.0;0.0;0.0;150.0;0.0;1e-08;0.0001;0.9;0.999;0.0;1e-08;0.0001;0.9;0.999;0.0;1e-08;0.0001;4.0;7.0;13.0;0.2;11.25;22.5;2000.0;1.0;0.2;0.0;enc_3;./datasets/11/unet/000/weights.h5;6.0;video1.csv;bce;5.0;100.0;adam;10.0;0.0;0.0;0.0001;0.0;0.0;0.0;0.999277349603;0.999239305093;0.9052951085844049;0.970903375517;0.980131756896;0.980910973085;0.9402973778184496;0.98835956918;0.980040241449;0.8728052135837256;0.954325955734;0.450666666667
48;9.0;unet_gaze;0.5;5.0;200.0;32.0;32.0;0.0;0.0;150.0;0.0;1e-08;0.0001;0.9;0.999;0.0;1e-08;0.0001;0.9;0.999;0.0;1e-08;0.0001;4.0;8.0;13.0;0.2;11.25;22.5;2000.0;1.0;0.2;0.0;enc_3;./datasets/11/unet/000/weights.h5;6.0;video1.csv;bce;5.0;100.0;adam;10.0;0.0;0.0;0.0001;0.0;0.0;0.0;0.999315444731;0.999201347367;0.9066194142273784;0.969508670495;0.979812317253;0.988569095734;0.9386181913658499;0.985246344423;0.971629778672;0.8767304739691242;0.95444668008;0.448
49;9.0;unet_gaze;0.5;5.0;200.0;32.0;32.0;0.0;0.0;150.0;0.0;1e-08;0.0001;0.9;0.999;0.0;1e-08;0.0001;0.9;0.999;0.0;1e-08;0.0001;4.0;9.0;13.0;0.2;11.25;22.5;2000.0;1.0;0.2;0.0;enc_3;./datasets/11/unet/000/weights.h5;6.0;video1.csv;bce;5.0;100.0;adam;10.0;0.0;0.0;0.0001;0.0;0.0;0.0;0.999239326786;0.998935043037;0.9069098493724289;0.958992290029;0.980161105415;0.977541918176;0.9333025149428643;0.985022624434;0.982897384306;0.8819688380565044;0.934486921529;0.350666666667
50;9.0;unet_gaze;0.5;5.0;200.0;32.0;32.0;0.0;0.0;150.0;0.0;1e-08;0.0001;0.9;0.999;0.0;1e-08;0.0001;0.9;0.999;0.0;1e-08;0.0001;4.0;0.0;13.0;0.2;11.25;22.5;2000.0;1.0;0.2;0.0;enc_3;./datasets/11/unet/000/weights.h5;6.0;video1.csv;bce;5.0;100.0;adam;10.0;0.0;0.0;0.0001;0.0;0.0;0.0;0.999391483128;0.999239348485;0.907379657244366;0.971011295943;0.982752459939;0.988526469988;0.9461224704831939;0.988319273199;0.977183098592;0.8716849879547005;0.954406438632;0.46
51;9.0;unet_gaze;0.5;5.0;200.0;32.0;32.0;0.0;0.0;150.0;0.0;1e-08;0.0001;0.9;0.999;0.0;1e-08;0.0001;0.9;0.999;0.0;1e-08;0.0001;4.0;1.0;13.0;0.2;11.25;22.5;2000.0;1.0;0.2;0.0;enc_3;./datasets/11/unet/000/weights.h5;6.0;video1.csv;bce;5.0;100.0;adam;10.0;0.0;0.0;0.0001;0.0;0.0;0.0;0.999163281164;0.999049154872;0.9027133000300853;0.963388918402;0.975529622729;0.983136597362;0.9357479982508256;0.985060157234;0.968651911469;0.8719315142333799;0.942937625755;0.398666666667
52;9.0;unet_gaze;0.5;5.0;200.0;32.0;32.0;0.0;0.0;150.0;0.0;1e-08;0.0001;0.9;0.999;0.0;1e-08;0.0001;0.9;0.999;0.0;1e-08;0.0001;4.0;2.0;13.0;0.2;11.25;22.5;2000.0;1.0;0.2;0.0;enc_3;./datasets/11/unet/000/weights.h5;6.0;video1.csv;bce;5.0;100.0;adam;10.0;0.0;0.0;0.0001;0.0;0.0;0.0;0.999353453084;0.99935347478;0.9108309856580757;0.975661281996;0.983057366168;0.977693007359;0.9313447260436718;0.982976700784;0.98861167002;0.891201438793784;0.968732394366;0.397333333333
53;9.0;unet_gaze;0.5;5.0;200.0;32.0;32.0;0.0;0.0;150.0;0.0;1e-08;0.0001;0.9;0.999;0.0;1e-08;0.0001;0.9;0.999;0.0;1e-08;0.0001;4.0;3.0;13.0;0.2;11.25;22.5;2000.0;1.0;0.2;0.0;enc_3;./datasets/11/unet/000/weights.h5;6.0;video1.csv;bce;5.0;100.0;adam;10.0;0.0;0.0;0.0001;0.0;0.0;0.0;0.999391490358;0.999277407457;0.909098682241669;0.972557308191;0.984414984806;0.980551222097;0.9370622922901071;0.985378151261;0.988651911469;0.8827556784071081;0.960160965795;0.437333333333
54;9.0;unet_gaze;0.5;5.0;200.0;32.0;32.0;0.0;0.0;150.0;0.0;1e-08;0.0001;0.9;0.999;0.0;1e-08;0.0001;0.9;0.999;0.0;1e-08;0.0001;4.0;4.0;13.0;0.2;11.25;22.5;2000.0;1.0;0.2;0.0;enc_3;./datasets/11/unet/000/weights.h5;6.0;video1.csv;bce;5.0;100.0;adam;10.0;0.0;0.0;0.0001;0.0;0.0;0.0;0.999429462548;0.999239362945;0.907601288954293;0.971152378397;0.987090303263;0.988647342995;0.9438215420179832;0.983176838811;0.985714285714;0.8740582823888269;0.960241448692;0.534666666667
55;9.0;unet_gaze;0.5;5.0;200.0;32.0;32.0;0.0;0.0;150.0;0.0;1e-08;0.0001;0.9;0.999;0.0;1e-08;0.0001;0.9;0.999;0.0;1e-08;0.0001;4.0;5.0;13.0;0.2;11.25;22.5;2000.0;1.0;0.2;0.0;enc_3;./datasets/11/unet/000/weights.h5;6.0;video1.csv;bce;5.0;100.0;adam;10.0;0.0;0.0;0.0001;0.0;0.0;0.0;0.999353438619;0.999201303978;0.9065871264030441;0.96958860099;0.985753646145;0.985993740219;0.9395449531730644;0.982631965338;0.985794768612;0.8758631613099359;0.957183098592;0.469333333333
56;9.0;unet_gaze;0.5;5.0;200.0;32.0;32.0;0.0;0.0;150.0;0.0;1e-08;0.0001;0.9;0.999;0.0;1e-08;0.0001;0.9;0.999;0.0;1e-08;0.0001;4.0;6.0;13.0;0.2;11.25;22.5;2000.0;1.0;0.2;0.0;enc_3;./datasets/11/unet/000/weights.h5;6.0;video1.csv;bce;5.0;100.0;adam;10.0;0.0;0.0;0.0001;0.0;0.0;0.0;0.999315415805;0.999163259469;0.9074247350196918;0.967838573616;0.980218354013;0.97514268796;0.9399952357613609;0.990954319313;0.985794768612;0.8770357578064526;0.94583501006;0.352
57;9.0;unet_gaze;0.5;5.0;200.0;32.0;32.0;0.0;0.0;150.0;0.0;1e-08;0.0001;0.9;0.999;0.0;1e-08;0.0001;0.9;0.999;0.0;1e-08;0.0001;4.0;7.0;13.0;0.2;11.25;22.5;2000.0;1.0;0.2;0.0;enc_3;./datasets/11/unet/000/weights.h5;6.0;video1.csv;bce;5.0;100.0;adam;10.0;0.0;0.0;0.0001;0.0;0.0;0.0;0.99927741469;0.999125294509;0.9086940758370241;0.966611185345;0.980200040825;0.977699530516;0.9370549654557521;0.982389419926;0.982937625755;0.8819994941740603;0.951629778672;0.392
58;9.0;unet_gaze;0.5;5.0;200.0;32.0;32.0;0.0;0.0;150.0;0.0;1e-08;0.0001;0.9;0.999;0.0;1e-08;0.0001;0.9;0.999;0.0;1e-08;0.0001;4.0;8.0;13.0;0.2;11.25;22.5;2000.0;1.0;0.2;0.0;enc_3;./datasets/11/unet/000/weights.h5;6.0;video1.csv;bce;5.0;100.0;adam;10.0;0.0;0.0;0.0001;0.0;0.0;0.0;0.999353453082;0.999315423038;0.9090380177764849;0.973974245276;0.981636952008;0.975220935221;0.9331699416740202;0.988402088934;0.988692152918;0.8861227419853412;0.960160965795;0.368
59;9.0;unet_gaze;0.5;5.0;200.0;32.0;32.0;0.0;0.0;150.0;0.0;1e-08;0.0001;0.9;0.999;0.0;1e-08;0.0001;0.9;0.999;0.0;1e-08;0.0001;4.0;9.0;13.0;0.2;11.25;22.5;2000.0;1.0;0.2;0.0;enc_3;./datasets/11/unet/000/weights.h5;6.0;video1.csv;bce;5.0;100.0;adam;10.0;0.0;0.0;0.0001;0.0;0.0;0.0;0.999315451961;0.999277400221;0.9080848074083661;0.972655670592;0.981577243012;0.983330117692;0.939963199811898;0.985666942833;0.980120724346;0.8782977679791742;0.960120724346;0.441333333333
60;9.0;unet_gaze;0.5;5.0;200.0;32.0;32.0;0.0;0.0;150.0;0.0;1e-08;0.0001;0.9;0.999;0.0;1e-08;0.0001;0.9;0.999;0.0;1e-08;0.0001;4.0;0.0;13.0;0.2;11.25;22.5;2000.0;1.0;0.2;0.0;enc_3;./datasets/11/unet/000/weights.h5;6.0;video1.csv;bce;5.0;100.0;adam;10.0;0.0;0.0;0.0001;0.0;0.0;0.0;0.999505558796;0.999391439737;0.9116203529481669;0.976676696115;0.987251864238;0.983408364954;0.9434402125194045;0.991304347826;0.991468812877;0.8818768697038364;0.962897384306;0.38
61;9.0;unet_gaze;0.5;5.0;200.0;32.0;32.0;0.0;0.0;150.0;0.0;1e-08;0.0001;0.9;0.999;0.0;1e-08;0.0001;0.9;0.999;0.0;1e-08;0.0001;4.0;1.0;13.0;0.2;11.25;22.5;2000.0;1.0;0.2;0.0;enc_3;./datasets/11/unet/000/weights.h5;6.0;video1.csv;bce;5.0;100.0;adam;10.0;0.0;0.0;0.0001;0.0;0.0;0.0;0.999277364066;0.999239326789;0.905813594106657;0.970949035192;0.981310877363;0.985913257322;0.9398776292206589;0.988275429575;0.97722334004;0.8741323680062538;0.954406438632;0.430666666667
62;9.0;unet_gaze;0.5;5.0;200.0;32.0;32.0;0.0;0.0;150.0;0.0;1e-08;0.0001;0.9;0.999;0.0;1e-08;0.0001;0.9;0.999;0.0;1e-08;0.0001;4.0;2.0;13.0;0.2;11.25;22.5;2000.0;1.0;0.2;0.0;enc_3;./datasets/11/unet/000/weights.h5;6.0;video1.csv;bce;5.0;100.0;adam;10.0;0.0;0.0;0.0001;0.0;0.0;0.0;0.999353431386;0.99939146143;0.9107416572030909;0.976696661642;0.984416570344;0.980318578135;0.9385212742168283;0.991345755694;0.98861167002;0.8845592799899856;0.962937625755;0.398666666667
63;9.0;unet_gaze;0.5;5.0;200.0;32.0;32.0;0.0;0.0;150.0;0.0;1e-08;0.0001;0.9;0.999;0.0;1e-08;0.0001;0.9;0.999;0.0;1e-08;0.0001;4.0;3.0;13.0;0.2;11.25;22.5;2000.0;1.0;0.2;0.0;enc_3;./datasets/11/unet/000/weights.h5;6.0;video1.csv;bce;5.0;100.0;adam;10.0;0.0;0.0;0.0001;0.0;0.0;0.0;0.999391475892;0.999277407457;0.9103349060821722;0.972414020502;0.983037375997;0.980590345727;0.9379967643416357;0.988768115942;0.985794768612;0.8842578281673518;0.95722334004;0.394666666667
64;9.0;unet_gaze;0.5;5.0;200.0;32.0;32.0;0.0;0.0;150.0;0.0;1e-08;0.0001;0.9;0.999;0.0;1e-08;0.0001;0.9;0.999;0.0;1e-08;0.0001;4.0;4.0;13.0;0.2;11.25;22.5;2000.0;1.0;0.2;0.0;enc_3;./datasets/11/unet/000/weights.h5;6.0;video1.csv;bce;5.0;100.0;adam;10.0;0.0;0.0;0.0001;0.0;0.0;0.0;0.999277392994;0.99916329563;0.9090535665306626;0.968069225308;0.980161536595;0.974723898949;0.9346791778662953;0.982465863927;0.985794768612;0.8847955875628131;0.95444668008;0.357333333333
65;9.0;unet_gaze;0.5;5.0;200.0;32.0;32.0;0.0;0.0;150.0;0.0;1e-08;0.0001;0.9;0.999;0.0;1e-08;0.0001;0.9;0.999;0.0;1e-08;0.0001;4.0;5.0;13.0;0.2;11.25;22.5;2000.0;1.0;0.2;0.0;enc_3;./datasets/11/unet/000/weights.h5;6.0;video1.csv;bce;5.0;100.0;adam;10.0;0.0;0.0;0.0001;0.0;0.0;0.0;0.999315401342;0.999125222192;0.9095514366249007;0.966648316045;0.981579271792;0.977656073427;0.936493697672279;0.982601279318;0.985794768612;0.8841160436236553;0.951509054326;0.38
66;9.0;unet_gaze;0.5;5.0;200.0;32.0;32.0;0.0;0.0;150.0;0.0;1e-08;0.0001;0.9;0.999;0.0;1e-08;0.0001;0.9;0.999;0.0;1e-08;0.0001;4.0;6.0;13.0;0.2;11.25;22.5;2000.0;1.0;0.2;0.0;enc_3;./datasets/11/unet/000/weights.h5;6.0;video1.csv;bce;5.0;100.0;adam;10.0;0.0;0.0;0.0001;0.0;0.0;0.0;0.999353424156;0.999315379647;0.9107309314781363;0.97390898467;0.982815024661;0.982852525783;0.939622641509434;0.988402194926;0.982857142857;0.8835629561694159;0.960040241449;0.413333333333
67;9.0;unet_gaze;0.5;5.0;200.0;32.0;32.0;0.0;0.0;150.0;0.0;1e-08;0.0001;0.9;0.999;0.0;1e-08;0.0001;0.9;0.999;0.0;1e-08;0.0001;4.0;7.0;13.0;0.2;11.25;22.5;2000.0;1.0;0.2;0.0;enc_3;./datasets/11/unet/000/weights.h5;6.0;video1.csv;bce;5.0;100.0;adam;10.0;0.0;0.0;0.0001;0.0;0.0;0.0;0.999277385761;0.999391497591;0.9075892003139904;0.976932426015;0.978595140338;0.977479569706;0.9384074577269974;0.988439946086;0.98;0.8787307856396527;0.965794768612;0.4
68;9.0;unet_gaze;0.5;5.0;200.0;32.0;32.0;0.0;0.0;150.0;0.0;1e-08;0.0001;0.9;0.999;0.0;1e-08;0.0001;0.9;0.999;0.0;1e-08;0.0001;4.0;8.0;13.0;0.2;11.25;22.5;2000.0;1.0;0.2;0.0;enc_3;./datasets/11/unet/000/weights.h5;6.0;video1.csv;bce;5.0;100.0;adam;10.0;0.0;0.0;0.0001;0.0;0.0;0.0;0.999239334019;0.999277385759;0.9083485535694877;0.972286471452;0.97969467087;0.988888888889;0.94387793047028;0.98873015873;0.971468812877;0.8753969328554385;0.957263581489;0.446666666667
69;9.0;unet_gaze;0.5;5.0;200.0;32.0;32.0;0.0;0.0;150.0;0.0;1e-08;0.0001;0.9;0.999;0.0;1e-08;0.0001;0.9;0.999;0.0;1e-08;0.0001;4.0;9.0;13.0;0.2;11.25;22.5;2000.0;1.0;0.2;0.0;enc_3;./datasets/11/unet/000/weights.h5;6.0;video1.csv;bce;5.0;100.0;adam;10.0;0.0;0.0;0.0001;0.0;0.0;0.0;0.999315401339;0.999163266696;0.9090288398336045;0.967925374077;0.981678055817;0.975104682147;0.9295013582331623;0.988059701493;0.98861167002;0.8894387120343145;0.948772635815;0.296
70;9.0;unet_gaze;0.5;5.0;200.0;32.0;32.0;0.0;0.0;150.0;0.0;1e-08;0.0001;0.9;0.999;0.0;1e-08;0.0001;0.9;0.999;0.0;1e-08;0.0001;4.0;0.0;13.0;0.2;11.25;22.5;2000.0;1.0;0.2;0.0;enc_3;./datasets/11/unet/000/weights.h5;6.0;video1.csv;bce;5.0;100.0;adam;10.0;0.0;0.0;0.0001;0.0;0.0;0.0;0.999505573259;0.99923935572;0.9104524362408922;0.970567426169;0.987152120335;0.988610503601;0.9431623393337313;0.991387163561;0.985754527163;0.8799353155919568;0.951509054326;0.409333333333
71;9.0;unet_gaze;0.5;5.0;200.0;32.0;32.0;0.0;0.0;150.0;0.0;1e-08;0.0001;0.9;0.999;0.0;1e-08;0.0001;0.9;0.999;0.0;1e-08;0.0001;4.0;1.0;13.0;0.2;11.25;22.5;2000.0;1.0;0.2;0.0;enc_3;./datasets/11/unet/000/weights.h5;6.0;video1.csv;bce;5.0;100.0;adam;10.0;0.0;0.0;0.0001;0.0;0.0;0.0;0.999239326786;0.9992773496;0.9091384177249435;0.972206146833;0.978680879345;0.974836936382;0.9403114234080772;0.991428571429;0.982977867203;0.8799659717095129;0.954406438632;0.350666666667
72;9.0;unet_gaze;0.5;5.0;200.0;32.0;32.0;0.0;0.0;150.0;0.0;1e-08;0.0001;0.9;0.999;0.0;1e-08;0.0001;0.9;0.999;0.0;1e-08;0.0001;4.0;2.0;13.0;0.2;11.25;22.5;2000.0;1.0;0.2;0.0;enc_3;./datasets/11/unet/000/weights.h5;6.0;video1.csv;bce;5.0;100.0;adam;10.0;0.0;0.0;0.0001;0.0;0.0;0.0;0.999353424156;0.999429491476;0.9098044922785861;0.978373170434;0.982814853971;0.988651911469;0.9435407853990041;0.988482571832;0.977183098592;0.8783974003612313;0.968651911469;0.5
73;9.0;unet_gaze;0.5;5.0;200.0;32.0;32.0;0.0;0.0;150.0;0.0;1e-08;0.0001;0.9;0.999;0.0;1e-08;0.0001;0.9;0.999;0.0;1e-08;0.0001;4.0;3.0;13.0;0.2;11.25;22.5;2000.0;1.0;0.2;0.0;enc_3;./datasets/11/unet/000/weights.h5;6.0;video1.csv;bce;5.0;100.0;adam;10.0;0.0;0.0;0.0001;0.0;0.0;0.0;0.99946751429;0.999429477013;0.9102468069014167;0.978287614236;0.986924481361;0.997014925373;0.9434273333141469;0.988437343428;0.977142857143;0.8793209159026055;0.96861167002;0.501333333333
74;9.0;unet_gaze;0.5;5.0;200.0;32.0;32.0;0.0;0.0;150.0;0.0;1e-08;0.0001;0.9;0.999;0.0;1e-08;0.0001;0.9;0.999;0.0;1e-08;0.0001;4.0;4.0;13.0;0.2;11.25;22.5;2000.0;1.0;0.2;0.0;enc_3;./datasets/11/unet/000/weights.h5;6.0;video1.csv;bce;5.0;100.0;adam;10.0;0.0;0.0;0.0001;0.0;0.0;0.0;0.999315365184;0.999239319556;0.9091724032612813;0.970882887893;0.981293335095;0.985626701385;0.9422482696816433;0.988184799003;0.977142857143;0.8783399201408137;0.954406438632;0.426666666667
75;9.0;unet_gaze;0.5;5.0;200.0;32.0;32.0;0.0;0.0;150.0;0.0;1e-08;0.0001;0.9;0.999;0.0;1e-08;0.0001;0.9;0.999;0.0;1e-08;0.0001;4.0;5.0;13.0;0.2;11.25;22.5;2000.0;1.0;0.2;0.0;enc_3;./datasets/11/unet/000/weights.h5;6.0;video1.csv;bce;5.0;100.0;adam;10.0;0.0;0.0;0.0001;0.0;0.0;0.0;0.999353453079;0.999163252233;0.9106608514232301;0.967752231439;0.983015289896;0.980431566968;0.9318660340810196;0.988483844242;0.985754527163;0.8903992703844021;0.948651911469;0.304
76;9.0;unet_gaze;0.5;5.0;200.0;32.0;32.0;0.0;0.0;150.0;0.0;1e-08;0.0001;0.9;0.999;0.0;1e-08;0.0001;0.9;0.999;0.0;1e-08;0.0001;4.0;6.0;13.0;0.2;11.25;22.5;2000.0;1.0;0.2;0.0;enc_3;./datasets/11/unet/000/weights.h5;6.0;video1.csv;bce;5.0;100.0;adam;10.0;0.0;0.0;0.0001;0.0;0.0;0.0;0.999429513169;0.999353438616;0.9079396461675844;0.975305254761;0.985931424071;0.980815570953;0.9378358545255525;0.991345755694;0.991428571429;0.8798906087538544;0.960160965795;0.386666666667
77;9.0;unet_gaze;0.5;5.0;200.0;32.0;32.0;0.0;0.0;150.0;0.0;1e-08;0.0001;0.9;0.999;0.0;1e-08;0.0001;0.9;0.999;0.0;1e-08;0.0001;4.0;7.0;13.0;0.2;11.25;22.5;2000.0;1.0;0.2;0.0;enc_3;./datasets/11/unet/000/weights.h5;6.0;video1.csv;bce;5.0;100.0;adam;10.0;0.0;0.0;0.0001;0.0;0.0;0.0;0.999353460312;0.999315430268;0.909967699256654;0.973929076955;0.982875960801;0.985711952877;0.9412149332416011;0.988359463188;0.980080482897;0.8807285426337181;0.960120724346;0.44
78;9.0;unet_gaze;0.5;5.0;200.0;32.0;32.0;0.0;0.0;150.0;0.0;1e-08;0.0001;0.9;0.999;0.0;1e-08;0.0001;0.9;0.999;0.0;1e-08;0.0001;4.0;8.0;13.0;0.2;11.25;22.5;2000.0;1.0;0.2;0.0;enc_3;./datasets/11/unet/000/weights.h5;6.0;video1.csv;bce;5.0;100.0;adam;10.0;0.0;0.0;0.0001;0.0;0.0;0.0;0.999277356833;0.99912521496;0.9074465084524158;0.96674876228;0.980095964175;0.980552293977;0.9372929026707217;0.980075914424;0.98;0.8794422630345979;0.954325955734;0.4
79;9.0;unet_gaze;0.5;5.0;200.0;32.0;32.0;0.0;0.0;150.0;0.0;1e-08;0.0001;0.9;0.999;0.0;1e-08;0.0001;0.9;0.999;0.0;1e-08;0.0001;4.0;9.0;13.0;0.2;11.25;22.5;2000.0;1.0;0.2;0.0;enc_3;./datasets/11/unet/000/weights.h5;6.0;video1.csv;bce;5.0;100.0;adam;10.0;0.0;0.0;0.0001;0.0;0.0;0.0;0.999201275047;0.999239334016;0.9088043105946829;0.970966498265;0.978681875425;0.97742119383;0.9382448227930396;0.988530020704;0.980040241449;0.8811551736030391;0.954486921529;0.356
80;9.0;unet_gaze;0.5;5.0;200.0;32.0;32.0;0.0;0.0;150.0;0.0;1e-08;0.0001;0.9;0.999;0.0;1e-08;0.0001;0.9;0.999;0.0;1e-08;0.0001;4.0;0.0;13.0;0.2;11.25;22.5;2000.0;1.0;0.2;0.0;enc_3;./datasets/11/unet/000/weights.h5;6.0;video1.csv;bce;5.0;100.0;adam;10.0;0.0;0.0;0.0001;0.0;0.0;0.0;0.999505594955;0.999277429147;0.9098756411405351;0.972388486433;0.988671470374;0.985913257322;0.9324656797744297;0.991131300022;0.991468812877;0.8883542518757712;0.954527162978;0.292
81;9.0;unet_gaze;0.5;5.0;200.0;32.0;32.0;0.0;0.0;150.0;0.0;1e-08;0.0001;0.9;0.999;0.0;1e-08;0.0001;0.9;0.999;0.0;1e-08;0.0001;4.0;1.0;13.0;0.2;11.25;22.5;2000.0;1.0;0.2;0.0;enc_3;./datasets/11/unet/000/weights.h5;6.0;video1.csv;bce;5.0;100.0;adam;10.0;0.0;0.0;0.0001;0.0;0.0;0.0;0.999315437501;0.99927742192;0.9075964388168175;0.972218903429;0.980099300841;0.9802357624;0.9383865181719602;0.993984622343;0.980080482897;0.8787627190954401;0.951629778672;0.377333333333
82;9.0;unet_gaze;0.5;5.0;200.0;32.0;32.0;0.0;0.0;150.0;0.0;1e-08;0.0001;0.9;0.999;0.0;1e-08;0.0001;0.9;0.999;0.0;1e-08;0.0001;4.0;2.0;13.0;0.2;11.25;22.5;2000.0;1.0;0.2;0.0;enc_3;./datasets/11/unet/000/weights.h5;6.0;video1.csv;bce;5.0;100.0;adam;10.0;0.0;0.0;0.0001;0.0;0.0;0.0;0.999505566029;0.999315444733;0.9104885988322446;0.973778291171;0.988549713242;0.991507936508;0.9425906149110704;0.991303129948;0.985714285714;0.8805011764285112;0.957303822938;0.401333333333
83;9.0;unet_gaze;0.5;5.0;200.0;32.0;32.0;0.0;0.0;150.0;0.0;1e-08;0.0001;0.9;0.999;0.0;1e-08;0.0001;0.9;0.999;0.0;1e-08;0.0001;4.0;3.0;13.0;0.2;11.25;22.5;2000.0;1.0;0.2;0.0;enc_3;./datasets/11/unet/000/weights.h5;6.0;video1.csv;bce;5.0;100.0;adam;10.0;0.0;0.0;0.0001;0.0;0.0;0.0;0.999353431383;0.999353438613;0.9090337024583288;0.975349595806;0.982914414582;0.983253968254;0.9419709334104132;0.99126172208;0.982937625755;0.8783220374055728;0.960160965795;0.450666666667
84;9.0;unet_gaze;0.5;5.0;200.0;32.0;32.0;0.0;0.0;150.0;0.0;1e-08;0.0001;0.9;0.999;0.0;1e-08;0.0001;0.9;0.999;0.0;1e-08;0.0001;4.0;4.0;13.0;0.2;11.25;22.5;2000.0;1.0;0.2;0.0;enc_3;./datasets/11/unet/000/weights.h5;6.0;video1.csv;bce;5.0;100.0;adam;10.0;0.0;0.0;0.0001;0.0;0.0;0.0;0.999277407454;0.999163339016;0.9080059160521688;0.968157647795;0.980099160784;0.980352250489;0.9380077619663648;0.98230777061;0.980120724346;0.8798637846509929;0.954527162978;0.378666666667
85;9.0;unet_gaze;0.5;5.0;200.0;32.0;32.0;0.0;0.0;150.0;0.0;1e-08;0.0001;0.9;0.999;0.0;1e-08;0.0001;0.9;0.999;0.0;1e-08;0.0001;4.0;5.0;13.0;0.2;11.25;22.5;2000.0;1.0;0.2;0.0;enc_3;./datasets/11/unet/000/weights.h5;6.0;video1.csv;bce;5.0;100.0;adam;10.0;0.0;0.0;0.0001;0.0;0.0;0.0;0.999239326786;0.99908717768;0.9073281385830433;0.964823743904;0.978372276554;0.982762245112;0.9395519304802739;0.985053129948;0.974406438632;0.877241409261724;0.94583501006;0.410666666667
86;9.0;unet_gaze;0.5;5.0;200.0;32.0;32.0;0.0;0.0;150.0;0.0;1e-08;0.0001;0.9;0.999;0.0;1e-08;0.0001;0.9;0.999;0.0;1e-08;0.0001;4.0;6.0;13.0;0.2;11.25;22.5;2000.0;1.0;0.2;0.0;enc_3;./datasets/11/unet/000/weights.h5;6.0;video1.csv;bce;5.0;100.0;adam;10.0;0.0;0.0;0.0001;0.0;0.0;0.0;0.99939146143;0.999163288395;0.9097471346851878;0.967551078505;0.984414863671;0.983325643757;0.944245412532002;0.990941771474;0.985794768612;0.8776808136133599;0.945915492958;0.436
87;9.0;unet_gaze;0.5;5.0;200.0;32.0;32.0;0.0;0.0;150.0;0.0;1e-08;0.0001;0.9;0.999;0.0;1e-08;0.0001;0.9;0.999;0.0;1e-08;0.0001;4.0;7.0;13.0;0.2;11.25;22.5;2000.0;1.0;0.2;0.0;enc_3;./datasets/11/unet/000/weights.h5;6.0;video1.csv;bce;5.0;100.0;adam;10.0;0.0;0.0;0.0001;0.0;0.0;0.0;0.9993914542;0.999467528753;0.9115664682924456;0.979727807523;0.984336372847;0.982977867203;0.9390725714154141;0.994285714286;0.985754527163;0.8856258574132879;0.965794768612;0.377333333333
88;9.0;unet_gaze;0.5;5.0;200.0;32.0;32.0;0.0;0.0;150.0;0.0;1e-08;0.0001;0.9;0.999;0.0;1e-08;0.0001;0.9;0.999;0.0;1e-08;0.0001;4.0;8.0;13.0;0.2;11.25;22.5;2000.0;1.0;0.2;0.0;enc_3;./datasets/11/unet/000/weights.h5;6.0;video1.csv;bce;5.0;100.0;adam;10.0;0.0;0.0;0.0001;0.0;0.0;0.0;0.999277407454;0.999201347364;0.9090887805030338;0.969467242865;0.980035301627;0.983094071676;0.9261018269807972;0.991219096334;0.97722334004;0.892689537833481;0.948772635815;0.352
89;9.0;unet_gaze;0.5;5.0;200.0;32.0;32.0;0.0;0.0;150.0;0.0;1e-08;0.0001;0.9;0.999;0.0;1e-08;0.0001;0.9;0.999;0.0;1e-08;0.0001;4.0;9.0;13.0;0.2;11.25;22.5;2000.0;1.0;0.2;0.0;enc_3;./datasets/11/unet/000/weights.h5;6.0;video1.csv;bce;5.0;100.0;adam;10.0;0.0;0.0;0.0001;0.0;0.0;0.0;0.999277421917;0.999239406339;0.9084362256174368;0.970683277537;0.9800370083;0.983018108652;0.9470581142493628;0.988398268398;0.977263581489;0.8728409790542077;0.954527162978;0.461333333333
90;9.0;unet_gaze;0.5;5.0;200.0;32.0;32.0;0.0;0.0;150.0;0.0;1e-08;0.0001;0.9;0.999;0.0;1e-08;0.0001;0.9;0.999;0.0;1e-08;0.0001;4.0;0.0;13.0;0.2;11.25;22.5;2000.0;1.0;0.2;0.0;enc_3;./datasets/11/unet/000/weights.h5;6.0;video1.csv;bce;5.0;100.0;adam;10.0;0.0;0.0;0.0001;0.0;0.0;0.0;0.999353431386;0.999277356836;0.9078751524929889;0.972447357373;0.982813402152;0.985947712418;0.9362216094150345;0.988488612836;0.980080482897;0.8811947710882155;0.95722334004;0.416
91;9.0;unet_gaze;0.5;5.0;200.0;32.0;32.0;0.0;0.0;150.0;0.0;1e-08;0.0001;0.9;0.999;0.0;1e-08;0.0001;0.9;0.999;0.0;1e-08;0.0001;4.0;1.0;13.0;0.2;11.25;22.5;2000.0;1.0;0.2;0.0;enc_3;./datasets/11/unet/000/weights.h5;6.0;video1.csv;bce;5.0;100.0;adam;10.0;0.0;0.0;0.0001;0.0;0.0;0.0;0.999505544334;0.999391439737;0.9114019762053057;0.976640349834;0.987192361783;0.985951214534;0.9425741790559997;0.993984622343;0.988571428571;0.8822255830410358;0.960040241449;0.377333333333
92;9.0;unet_gaze;0.5;5.0;200.0;32.0;32.0;0.0;0.0;150.0;0.0;1e-08;0.0001;0.9;0.999;0.0;1e-08;0.0001;0.9;0.999;0.0;1e-08;0.0001;4.0;2.0;13.0;0.2;11.25;22.5;2000.0;1.0;0.2;0.0;enc_3;./datasets/11/unet/000/weights.h5;6.0;video1.csv;bce;5.0;100.0;adam;10.0;0.0;0.0;0.0001;0.0;0.0;0.0;0.999467550446;0.999391490355;0.90956732078958;0.976956214056;0.987191657264;0.988688750863;0.9379980890751558;0.988487394958;0.985754527163;0.8828093266128311;0.965875251509;0.422666666667
93;9.0;unet_gaze;0.5;5.0;200.0;32.0;32.0;0.0;0.0;150.0;0.0;1e-08;0.0001;0.9;0.999;0.0;1e-08;0.0001;0.9;0.999;0.0;1e-08;0.0001;4.0;3.0;13.0;0.2;11.25;22.5;2000.0;1.0;0.2;0.0;enc_3;./datasets/11/unet/000/weights.h5;6.0;video1.csv;bce;5.0;100.0;adam;10.0;0.0;0.0;0.0001;0.0;0.0;0.0;0.999315372414;0.999429491476;0.9083404743955754;0.978248305265;0.982833665577;0.985908588788;0.9407926160819742;0.994160272805;0.980040241449;0.8780525190387264;0.962937625755;0.444
94;9.0;unet_gaze;0.5;5.0;200.0;32.0;32.0;0.0;0.0;150.0;0.0;1e-08;0.0001;0.9;0.999;0.0;1e-08;0.0001;0.9;0.999;0.0;1e-08;0.0001;4.0;4.0;13.0;0.2;11.25;22.5;2000.0;1.0;0.2;0.0;enc_3;./datasets/11/unet/000/weights.h5;6.0;video1.csv;bce;5.0;100.0;adam;10.0;0.0;0.0;0.0001;0.0;0.0;0.0;0.999467550448;0.999315401342;0.91057198234006;0.974009736351;0.985770008441;0.983409436834;0.9348220339895168;0.985745084103;0.988571428571;0.8875482514516949;0.962897384306;0.394666666667
95;9.0;unet_gaze;0.5;5.0;200.0;32.0;32.0;0.0;0.0;150.0;0.0;1e-08;0.0001;0.9;0.999;0.0;1e-08;0.0001;0.9;0.999;0.0;1e-08;0.0001;4.0;5.0;13.0;0.2;11.25;22.5;2000.0;1.0;0.2;0.0;enc_3;./datasets/11/unet/000/weights.h5;6.0;video1.csv;bce;5.0;100.0;adam;10.0;0.0;0.0;0.0001;0.0;0.0;0.0;0.999429498709;0.999315423038;0.9098280684257312;0.973952611385;0.985795339412;0.983058350101;0.9367205055324744;0.988447204969;0.98861167002;0.8844366555197617;0.960160965795;0.378666666667
96;9.0;unet_gaze;0.5;5.0;200.0;32.0;32.0;0.0;0.0;150.0;0.0;1e-08;0.0001;0.9;0.999;0.0;1e-08;0.0001;0.9;0.999;0.0;1e-08;0.0001;4.0;6.0;13.0;0.2;11.25;22.5;2000.0;1.0;0.2;0.0;enc_3;./datasets/11/unet/000/weights.h5;6.0;video1.csv;bce;5.0;100.0;adam;10.0;0.0;0.0;0.0001;0.0;0.0;0.0;0.999467550448;0.99920136906;0.911306266531576;0.969081599303;0.985813890176;0.983095189494;0.9389655522812722;0.994029850746;0.98861167002;0.885229882561523;0.946036217304;0.388
97;9.0;unet_gaze;0.5;5.0;200.0;32.0;32.0;0.0;0.0;150.0;0.0;1e-08;0.0001;0.9;0.999;0.0;1e-08;0.0001;0.9;0.999;0.0;1e-08;0.0001;4.0;7.0;13.0;0.2;11.25;22.5;2000.0;1.0;0.2;0.0;enc_3;./datasets/11/unet/000/weights.h5;6.0;video1.csv;bce;5.0;100.0;adam;10.0;0.0;0.0;0.0001;0.0;0.0;0.0;0.999391475901;0.999391504826;0.9077354533515143;0.977039340643;0.984025182536;0.991212949338;0.9405683055618336;0.985754527163;0.977142857143;0.8771175074532686;0.968692152918;0.510666666667
98;9.0;unet_gaze;0.5;5.0;200.0;32.0;32.0;0.0;0.0;150.0;0.0;1e-08;0.0001;0.9;0.999;0.0;1e-08;0.0001;0.9;0.999;0.0;1e-08;0.0001;4.0;8.0;13.0;0.2;11.25;22.5;2000.0;1.0;0.2;0.0;enc_3;./datasets/11/unet/000/weights.h5;6.0;video1.csv;bce;5.0;100.0;adam;10.0;0.0;0.0;0.0001;0.0;0.0;0.0;0.999353453079;0.999391490355;0.9103670854112745;0.976895005735;0.984492800887;0.980816732225;0.9381398588888377;0.991219096334;0.98861167002;0.8841914065793137;0.963018108652;0.370666666667
99;9.0;unet_gaze;0.5;5.0;200.0;32.0;32.0;0.0;0.0;150.0;0.0;1e-08;0.0001;0.9;0.999;0.0;1e-08;0.0001;0.9;0.999;0.0;1e-08;0.0001;4.0;9.0;13.0;0.2;11.25;22.5;2000.0;1.0;0.2;0.0;enc_3;./datasets/11/unet/000/weights.h5;6.0;video1.csv;bce;5.0;100.0;adam;10.0;0.0;0.0;0.0001;0.0;0.0;0.0;0.999277371296;0.999239334019;0.9096696500272429;0.971075998973;0.97999956266;0.982937625755;0.9442174458604942;0.985336743393;0.977263581489;0.8775607438195989;0.957263581489;0.432
