rep;DATASET_NBR;FEAT_EXTR_ALGORITHM;GROUND_TRUTH_TRESHOLD;KFOLDS;NBR_OF_SUPERPIXELS;PATCH_HEIGHT;PATCH_WIDTH;RANDOM_SEED;RF_MAX_DEPTH;RF_NBR_TREES;UNET_ADAGRAD_DECAY;UNET_ADAGRAD_EPSILON;UNET_ADAGRAD_LEARNING_RATE;UNET_ADAMAX_BETA1;UNET_ADAMAX_BETA2;UNET_ADAMAX_DECAY;UNET_ADAMAX_EPSILON;UNET_ADAMAX_LEARNING_RATE;UNET_ADAM_BETA1;UNET_ADAM_BETA2;UNET_ADAM_DECAY;UNET_ADAM_EPSILON;UNET_ADAM_LEARNING_RATE;UNET_BATCHSIZE;UNET_CURR_TRIAL;UNET_DATA_GAUSSIAN_NOISE_STD;UNET_DATA_HEIGHT_SHIFT;UNET_DATA_ROT_RANGE;UNET_DATA_SHEAR_RANGE;UNET_DATA_STEPS_PER_EPOCH;UNET_DATA_USE_GENERATOR;UNET_DATA_WIDTH_SHIFT;UNET_LOSS;UNET_MODEL_NBR;UNET_NBR_EPOCHS;UNET_OPTIMIZER;UNET_SAVE_EPOCH_INTERVAL;UNET_SAVE_ONLY_BEST_WEIGHT;UNET_SGD_DECAY;UNET_SGD_LEARNING_RATE;UNET_SGD_MOMENTUM;UNET_SGD_NESTEROV;UNET_VALIDATION_SPLIT;acc_@_f1_score_max;accuracy;f1_max_px_lvl;f1_score;f1_score_max;pre_@_f1_score_max;pre_px_lvl;precision;rec_@_f1_score_max;rec_px_lvl;recall;th_@_f1_score_max
0;12.0;unet;0.5;5.0;200.0;32.0;32.0;0.0;0.0;150.0;0.0;1e-08;0.0001;0.9;0.999;0.0;1e-08;0.0001;0.9;0.999;0.0;1e-08;0.0001;4.0;0.0;13.0;0.2;11.25;22.5;2000.0;1.0;0.2;mse;5.0;100.0;adam;10.0;0.0;0.0;0.0001;0.0;0.0;0.0;0.99951658025;0.999409150833;0.8614212787155486;0.964026340309;0.981051587302;0.984269540943;0.8578186666499745;0.993202764977;0.978125;0.8650542784415404;0.937202380952;0.317333333333
1;12.0;unet;0.5;5.0;200.0;32.0;32.0;0.0;0.0;150.0;0.0;1e-08;0.0001;0.9;0.999;0.0;1e-08;0.0001;0.9;0.999;0.0;1e-08;0.0001;4.0;1.0;13.0;0.2;11.25;22.5;2000.0;1.0;0.2;mse;5.0;100.0;adam;10.0;0.0;0.0;0.0001;0.0;0.0;0.0;0.999623995239;0.999462860129;0.8623317597428686;0.967503362198;0.985800802879;0.987448870574;0.8576115475322738;0.996610169492;0.984275793651;0.8671042187107943;0.940277777778;0.366666666667
2;12.0;unet;0.5;5.0;200.0;32.0;32.0;0.0;0.0;150.0;0.0;1e-08;0.0001;0.9;0.999;0.0;1e-08;0.0001;0.9;0.999;0.0;1e-08;0.0001;4.0;2.0;13.0;0.2;11.25;22.5;2000.0;1.0;0.2;mse;5.0;100.0;adam;10.0;0.0;0.0;0.0001;0.0;0.0;0.0;0.999543425882;0.999462867343;0.8578042880443776;0.967740886441;0.985773824408;0.990671550672;0.85661902985838;0.993442622951;0.981101190476;0.8589928307323763;0.943501984127;0.373333333333
3;12.0;unet;0.5;5.0;200.0;32.0;32.0;0.0;0.0;150.0;0.0;1e-08;0.0001;0.9;0.999;0.0;1e-08;0.0001;0.9;0.999;0.0;1e-08;0.0001;4.0;3.0;13.0;0.2;11.25;22.5;2000.0;1.0;0.2;mse;5.0;100.0;adam;10.0;0.0;0.0;0.0001;0.0;0.0;0.0;0.999570311184;0.999489727402;0.8599240515670546;0.969442663569;0.984093565162;0.987644230769;0.8556216234794917;0.990268019776;0.98125;0.8642699671914872;0.949801587302;0.304
4;12.0;unet;0.5;5.0;200.0;32.0;32.0;0.0;0.0;150.0;0.0;1e-08;0.0001;0.9;0.999;0.0;1e-08;0.0001;0.9;0.999;0.0;1e-08;0.0001;4.0;4.0;13.0;0.2;11.25;22.5;2000.0;1.0;0.2;mse;5.0;100.0;adam;10.0;0.0;0.0;0.0001;0.0;0.0;0.0;0.999435982039;0.999409129195;0.8581401453432689;0.963925496515;0.976593695019;0.978863745787;0.857309585985957;0.993042952208;0.974900793651;0.8589723155487733;0.937103174603;0.333444444444
5;12.0;unet;0.5;5.0;200.0;32.0;32.0;0.0;0.0;150.0;0.0;1e-08;0.0001;0.9;0.999;0.0;1e-08;0.0001;0.9;0.999;0.0;1e-08;0.0001;4.0;5.0;13.0;0.2;11.25;22.5;2000.0;1.0;0.2;mse;5.0;100.0;adam;10.0;0.0;0.0;0.0001;0.0;0.0;0.0;0.999731424655;0.999436003678;0.8636233199705063;0.965823603994;0.992073418355;0.993846153846;0.8558824258730031;0.996551724138;0.990476190476;0.8715055146391616;0.937152777778;0.264
6;12.0;unet;0.5;5.0;200.0;32.0;32.0;0.0;0.0;150.0;0.0;1e-08;0.0001;0.9;0.999;0.0;1e-08;0.0001;0.9;0.999;0.0;1e-08;0.0001;4.0;6.0;13.0;0.2;11.25;22.5;2000.0;1.0;0.2;mse;5.0;100.0;adam;10.0;0.0;0.0;0.0001;0.0;0.0;0.0;0.999436003675;0.99938227995;0.8597494612825063;0.962399228544;0.98151276291;0.969869402985;0.8496006927591568;0.990052792442;0.99375;0.8701436220661315;0.936904761905;0.234666666667
7;12.0;unet;0.5;5.0;200.0;32.0;32.0;0.0;0.0;150.0;0.0;1e-08;0.0001;0.9;0.999;0.0;1e-08;0.0001;0.9;0.999;0.0;1e-08;0.0001;4.0;7.0;13.0;0.2;11.25;22.5;2000.0;1.0;0.2;mse;5.0;100.0;adam;10.0;0.0;0.0;0.0001;0.0;0.0;0.0;0.999489712975;0.999436014496;0.8582877739384739;0.965926739304;0.979689203193;0.972456758137;0.8444752279874334;0.990095338983;0.987351190476;0.8725596794581466;0.943452380952;0.204
8;12.0;unet;0.5;5.0;200.0;32.0;32.0;0.0;0.0;150.0;0.0;1e-08;0.0001;0.9;0.999;0.0;1e-08;0.0001;0.9;0.999;0.0;1e-08;0.0001;4.0;8.0;13.0;0.2;11.25;22.5;2000.0;1.0;0.2;mse;5.0;100.0;adam;10.0;0.0;0.0;0.0001;0.0;0.0;0.0;0.999570285939;0.999516580247;0.8640445354675584;0.971018315787;0.984372901509;0.978499278499;0.8541455614714349;0.993387978142;0.990575396825;0.8741756446896447;0.949702380952;0.273333333333
9;12.0;unet;0.5;5.0;200.0;32.0;32.0;0.0;0.0;150.0;0.0;1e-08;0.0001;0.9;0.999;0.0;1e-08;0.0001;0.9;0.999;0.0;1e-08;0.0001;4.0;9.0;13.0;0.2;11.25;22.5;2000.0;1.0;0.2;mse;5.0;100.0;adam;10.0;0.0;0.0;0.0001;0.0;0.0;0.0;0.999623995237;0.999570282334;0.862703740414864;0.974109730738;0.987374234035;0.987734487734;0.8560789109346278;1.0;0.987450396825;0.8694319030042119;0.949652777778;0.350666666667
10;12.0;unet;0.5;5.0;200.0;32.0;32.0;0.0;0.0;150.0;0.0;1e-08;0.0001;0.9;0.999;0.0;1e-08;0.0001;0.9;0.999;0.0;1e-08;0.0001;4.0;0.0;13.0;0.2;11.25;22.5;2000.0;1.0;0.2;mse;5.0;100.0;adam;10.0;0.0;0.0;0.0001;0.0;0.0;0.0;0.99954342588;0.9994091328;0.8640629758774793;0.964303771825;0.987572110983;0.978598484848;0.8510098420768297;0.993333333333;0.996875;0.8775227757990269;0.937103174603;0.2
11;12.0;unet;0.5;5.0;200.0;32.0;32.0;0.0;0.0;150.0;0.0;1e-08;0.0001;0.9;0.999;0.0;1e-08;0.0001;0.9;0.999;0.0;1e-08;0.0001;4.0;1.0;13.0;0.2;11.25;22.5;2000.0;1.0;0.2;mse;5.0;100.0;adam;10.0;0.0;0.0;0.0001;0.0;0.0;0.0;0.999731421049;0.999435982038;0.863260254294201;0.96549511555;0.992125402929;0.990673076923;0.8515359933678247;1.0;0.99375;0.8753118702430418;0.933779761905;0.316
12;12.0;unet;0.5;5.0;200.0;32.0;32.0;0.0;0.0;150.0;0.0;1e-08;0.0001;0.9;0.999;0.0;1e-08;0.0001;0.9;0.999;0.0;1e-08;0.0001;4.0;2.0;13.0;0.2;11.25;22.5;2000.0;1.0;0.2;mse;5.0;100.0;adam;10.0;0.0;0.0;0.0001;0.0;0.0;0.0;0.999677715356;0.999462870949;0.8645208817274469;0.967555804345;0.988997840011;0.987644230769;0.853352273076663;0.996774193548;0.990525793651;0.8759857151198481;0.940376984127;0.301333333333
13;12.0;unet;0.5;5.0;200.0;32.0;32.0;0.0;0.0;150.0;0.0;1e-08;0.0001;0.9;0.999;0.0;1e-08;0.0001;0.9;0.999;0.0;1e-08;0.0001;4.0;3.0;13.0;0.2;11.25;22.5;2000.0;1.0;0.2;mse;5.0;100.0;adam;10.0;0.0;0.0;0.0001;0.0;0.0;0.0;0.999516565823;0.999274828898;0.8637103166325977;0.95553235239;0.980079276777;0.964343805704;0.8460114686639718;0.98990530303;0.996875;0.8821655196574911;0.924305555556;0.254666666667
14;12.0;unet;0.5;5.0;200.0;32.0;32.0;0.0;0.0;150.0;0.0;1e-08;0.0001;0.9;0.999;0.0;1e-08;0.0001;0.9;0.999;0.0;1e-08;0.0001;4.0;4.0;13.0;0.2;11.25;22.5;2000.0;1.0;0.2;mse;5.0;100.0;adam;10.0;0.0;0.0;0.0001;0.0;0.0;0.0;0.999650848085;0.99954342588;0.8633000714974043;0.972405875506;0.989021882875;0.984708624709;0.8504738295132471;0.996721311475;0.993650793651;0.8765191098935262;0.949603174603;0.288
15;12.0;unet;0.5;5.0;200.0;32.0;32.0;0.0;0.0;150.0;0.0;1e-08;0.0001;0.9;0.999;0.0;1e-08;0.0001;0.9;0.999;0.0;1e-08;0.0001;4.0;5.0;13.0;0.2;11.25;22.5;2000.0;1.0;0.2;mse;5.0;100.0;adam;10.0;0.0;0.0;0.0001;0.0;0.0;0.0;0.999623991632;0.999597127966;0.8621836357377718;0.975704344368;0.98577166087;0.990814393939;0.8511220622265958;0.996825396825;0.981051587302;0.8735365178158588;0.955803571429;0.340666666667
16;12.0;unet;0.5;5.0;200.0;32.0;32.0;0.0;0.0;150.0;0.0;1e-08;0.0001;0.9;0.999;0.0;1e-08;0.0001;0.9;0.999;0.0;1e-08;0.0001;4.0;6.0;13.0;0.2;11.25;22.5;2000.0;1.0;0.2;mse;5.0;100.0;adam;10.0;0.0;0.0;0.0001;0.0;0.0;0.0;0.999623988025;0.999382287166;0.8630321198272403;0.96218649123;0.985997871269;0.978693181818;0.855700169089245;0.993548387097;0.99375;0.8704908020963361;0.934027777778;0.28
17;12.0;unet;0.5;5.0;200.0;32.0;32.0;0.0;0.0;150.0;0.0;1e-08;0.0001;0.9;0.999;0.0;1e-08;0.0001;0.9;0.999;0.0;1e-08;0.0001;4.0;7.0;13.0;0.2;11.25;22.5;2000.0;1.0;0.2;mse;5.0;100.0;adam;10.0;0.0;0.0;0.0001;0.0;0.0;0.0;0.999221126811;0.99908683373;0.8560392021866419;0.943159096529;0.966624180748;0.974443085669;0.8605496364833854;0.996551724138;0.959027777778;0.8515758028143676;0.896081349206;0.305333333333
18;12.0;unet;0.5;5.0;200.0;32.0;32.0;0.0;0.0;150.0;0.0;1e-08;0.0001;0.9;0.999;0.0;1e-08;0.0001;0.9;0.999;0.0;1e-08;0.0001;4.0;8.0;13.0;0.2;11.25;22.5;2000.0;1.0;0.2;mse;5.0;100.0;adam;10.0;0.0;0.0;0.0001;0.0;0.0;0.0;0.999570300366;0.999516580248;0.8632803181995834;0.971195283516;0.984557193509;0.979156439925;0.8503062845737271;0.990372105126;0.990625;0.8766564038145617;0.952827380952;0.352888888889
19;12.0;unet;0.5;5.0;200.0;32.0;32.0;0.0;0.0;150.0;0.0;1e-08;0.0001;0.9;0.999;0.0;1e-08;0.0001;0.9;0.999;0.0;1e-08;0.0001;4.0;9.0;13.0;0.2;11.25;22.5;2000.0;1.0;0.2;mse;5.0;100.0;adam;10.0;0.0;0.0;0.0001;0.0;0.0;0.0;0.999516580249;0.999543447519;0.8599296530047148;0.972539847389;0.984564489137;0.975845249278;0.8497089077763759;0.996666666667;0.993700396825;0.8703992728156458;0.949801587302;0.297333333333
20;12.0;unet;0.5;5.0;200.0;32.0;32.0;0.0;0.0;150.0;0.0;1e-08;0.0001;0.9;0.999;0.0;1e-08;0.0001;0.9;0.999;0.0;1e-08;0.0001;4.0;0.0;13.0;0.2;11.25;22.5;2000.0;1.0;0.2;mse;5.0;100.0;adam;10.0;0.0;0.0;0.0001;0.0;0.0;0.0;0.999623991632;0.99948969855;0.8572525828454298;0.96900907804;0.990551181102;0.990625;0.8532647101127531;0.996774193548;0.990575396825;0.8612779065675416;0.943303571429;0.36
21;12.0;unet;0.5;5.0;200.0;32.0;32.0;0.0;0.0;150.0;0.0;1e-08;0.0001;0.9;0.999;0.0;1e-08;0.0001;0.9;0.999;0.0;1e-08;0.0001;4.0;1.0;13.0;0.2;11.25;22.5;2000.0;1.0;0.2;mse;5.0;100.0;adam;10.0;0.0;0.0;0.0001;0.0;0.0;0.0;0.999650855298;0.999570289547;0.8647162014416929;0.974244122238;0.987643493791;0.978876943952;0.8465516798268092;0.996666666667;0.996875;0.8836773308799278;0.952876984127;0.261333333333
22;12.0;unet;0.5;5.0;200.0;32.0;32.0;0.0;0.0;150.0;0.0;1e-08;0.0001;0.9;0.999;0.0;1e-08;0.0001;0.9;0.999;0.0;1e-08;0.0001;4.0;2.0;13.0;0.2;11.25;22.5;2000.0;1.0;0.2;mse;5.0;100.0;adam;10.0;0.0;0.0;0.0001;0.0;0.0;0.0;0.999704568203;0.999355419897;0.8629444080282174;0.960431277038;0.992124621632;0.990671550672;0.8535357199642484;0.996923076923;0.993650793651;0.8725628356402394;0.927728174603;0.326666666667
23;12.0;unet;0.5;5.0;200.0;32.0;32.0;0.0;0.0;150.0;0.0;1e-08;0.0001;0.9;0.999;0.0;1e-08;0.0001;0.9;0.999;0.0;1e-08;0.0001;4.0;3.0;13.0;0.2;11.25;22.5;2000.0;1.0;0.2;mse;5.0;100.0;adam;10.0;0.0;0.0;0.0001;0.0;0.0;0.0;0.999516565824;0.999328552624;0.8597863171407677;0.958280459261;0.978817066471;0.987548076923;0.8550508400508791;0.993596311475;0.971825396825;0.8645745387634394;0.927628968254;0.324
24;12.0;unet;0.5;5.0;200.0;32.0;32.0;0.0;0.0;150.0;0.0;1e-08;0.0001;0.9;0.999;0.0;1e-08;0.0001;0.9;0.999;0.0;1e-08;0.0001;4.0;4.0;13.0;0.2;11.25;22.5;2000.0;1.0;0.2;mse;5.0;100.0;adam;10.0;0.0;0.0;0.0001;0.0;0.0;0.0;0.999704568204;0.999543425881;0.8646768903562617;0.972457508234;0.992339393939;0.988235294118;0.8532655456813796;0.996666666667;0.996825396825;0.8763975968829546;0.949652777778;0.277333333333
25;12.0;unet;0.5;5.0;200.0;32.0;32.0;0.0;0.0;150.0;0.0;1e-08;0.0001;0.9;0.999;0.0;1e-08;0.0001;0.9;0.999;0.0;1e-08;0.0001;4.0;5.0;13.0;0.2;11.25;22.5;2000.0;1.0;0.2;mse;5.0;100.0;adam;10.0;0.0;0.0;0.0001;0.0;0.0;0.0;0.999677718962;0.999328556228;0.865950754714072;0.959219147243;0.989147286822;0.981678321678;0.8464875064619151;0.990360169492;0.996875;0.8863301019289007;0.930654761905;0.268
26;12.0;unet;0.5;5.0;200.0;32.0;32.0;0.0;0.0;150.0;0.0;1e-08;0.0001;0.9;0.999;0.0;1e-08;0.0001;0.9;0.999;0.0;1e-08;0.0001;4.0;6.0;13.0;0.2;11.25;22.5;2000.0;1.0;0.2;mse;5.0;100.0;adam;10.0;0.0;0.0;0.0001;0.0;0.0;0.0;0.999516576641;0.999113719033;0.864352063512516;0.945418305796;0.984396225281;0.978495172945;0.8505154009250943;0.993157894737;0.990575396825;0.878646376624053;0.902579365079;0.264
27;12.0;unet;0.5;5.0;200.0;32.0;32.0;0.0;0.0;150.0;0.0;1e-08;0.0001;0.9;0.999;0.0;1e-08;0.0001;0.9;0.999;0.0;1e-08;0.0001;4.0;7.0;13.0;0.2;11.25;22.5;2000.0;1.0;0.2;mse;5.0;100.0;adam;10.0;0.0;0.0;0.0001;0.0;0.0;0.0;0.999516565822;0.999355448746;0.8609526754140177;0.96083906791;0.984638690501;0.969966948474;0.8437537876033259;0.996666666667;1.0;0.8788673093705468;0.927827380952;0.22
28;12.0;unet;0.5;5.0;200.0;32.0;32.0;0.0;0.0;150.0;0.0;1e-08;0.0001;0.9;0.999;0.0;1e-08;0.0001;0.9;0.999;0.0;1e-08;0.0001;4.0;8.0;13.0;0.2;11.25;22.5;2000.0;1.0;0.2;mse;5.0;100.0;adam;10.0;0.0;0.0;0.0001;0.0;0.0;0.0;0.999597146;0.999516555004;0.8622731057973465;0.970535294658;0.987375006104;0.987644230769;0.8553549551172263;0.993377120963;0.9875;0.8693040776294547;0.949652777778;0.434666666667
29;12.0;unet;0.5;5.0;200.0;32.0;32.0;0.0;0.0;150.0;0.0;1e-08;0.0001;0.9;0.999;0.0;1e-08;0.0001;0.9;0.999;0.0;1e-08;0.0001;4.0;9.0;13.0;0.2;11.25;22.5;2000.0;1.0;0.2;mse;5.0;100.0;adam;10.0;0.0;0.0;0.0001;0.0;0.0;0.0;0.999543440307;0.999382297986;0.8651265689878462;0.962509330236;0.98269942776;0.98432074422;0.8560071926886691;0.993548387097;0.981150793651;0.8744423420764837;0.934126984127;0.344
30;12.0;unet;0.5;5.0;200.0;32.0;32.0;0.0;0.0;150.0;0.0;1e-08;0.0001;0.9;0.999;0.0;1e-08;0.0001;0.9;0.999;0.0;1e-08;0.0001;4.0;0.0;13.0;0.2;11.25;22.5;2000.0;1.0;0.2;mse;5.0;100.0;adam;10.0;0.0;0.0;0.0001;0.0;0.0;0.0;0.999489705764;0.999355430715;0.8651144109561215;0.961051036797;0.981560848503;0.963995407577;0.8441334574611851;0.993333333333;1.0;0.8871649120924383;0.930853174603;0.205333333333
31;12.0;unet;0.5;5.0;200.0;32.0;32.0;0.0;0.0;150.0;0.0;1e-08;0.0001;0.9;0.999;0.0;1e-08;0.0001;0.9;0.999;0.0;1e-08;0.0001;4.0;1.0;13.0;0.2;11.25;22.5;2000.0;1.0;0.2;mse;5.0;100.0;adam;10.0;0.0;0.0;0.0001;0.0;0.0;0.0;0.999650858904;0.999409121979;0.8600175689236377;0.963073162072;0.987572110983;0.981723484848;0.8519094843269774;0.993649193548;0.99375;0.8682814746313974;0.93685515873;0.334666666667
32;12.0;unet;0.5;5.0;200.0;32.0;32.0;0.0;0.0;150.0;0.0;1e-08;0.0001;0.9;0.999;0.0;1e-08;0.0001;0.9;0.999;0.0;1e-08;0.0001;4.0;2.0;13.0;0.2;11.25;22.5;2000.0;1.0;0.2;mse;5.0;100.0;adam;10.0;0.0;0.0;0.0001;0.0;0.0;0.0;0.999624020483;0.999597160425;0.8635550371928689;0.975659049976;0.9875959631;0.981582167832;0.8522534650665659;0.996774193548;0.99375;0.8751603735025889;0.956150793651;0.338222222222
33;12.0;unet;0.5;5.0;200.0;32.0;32.0;0.0;0.0;150.0;0.0;1e-08;0.0001;0.9;0.999;0.0;1e-08;0.0001;0.9;0.999;0.0;1e-08;0.0001;4.0;3.0;13.0;0.2;11.25;22.5;2000.0;1.0;0.2;mse;5.0;100.0;adam;10.0;0.0;0.0;0.0001;0.0;0.0;0.0;0.999489723794;0.999167439151;0.8600559822248355;0.949044588087;0.981149657975;0.978309741334;0.8393919454860109;0.989885057471;0.984325396825;0.881763106440663;0.912003968254;0.252
34;12.0;unet;0.5;5.0;200.0;32.0;32.0;0.0;0.0;150.0;0.0;1e-08;0.0001;0.9;0.999;0.0;1e-08;0.0001;0.9;0.999;0.0;1e-08;0.0001;4.0;4.0;13.0;0.2;11.25;22.5;2000.0;1.0;0.2;mse;5.0;100.0;adam;10.0;0.0;0.0;0.0001;0.0;0.0;0.0;0.999543433093;0.999570293152;0.862612631895189;0.974240824775;0.982823076923;0.978458624709;0.8510389311218614;0.993492063492;0.987400793651;0.8745054657183392;0.956001984127;0.342666666667
35;12.0;unet;0.5;5.0;200.0;32.0;32.0;0.0;0.0;150.0;0.0;1e-08;0.0001;0.9;0.999;0.0;1e-08;0.0001;0.9;0.999;0.0;1e-08;0.0001;4.0;5.0;13.0;0.2;11.25;22.5;2000.0;1.0;0.2;mse;5.0;100.0;adam;10.0;0.0;0.0;0.0001;0.0;0.0;0.0;0.999623991632;0.999301717807;0.8639589647936582;0.957498851513;0.987523062016;0.981630244755;0.8511614445433009;0.993440860215;0.993700396825;0.8771471901299873;0.924503968254;0.317111111111
36;12.0;unet;0.5;5.0;200.0;32.0;32.0;0.0;0.0;150.0;0.0;1e-08;0.0001;0.9;0.999;0.0;1e-08;0.0001;0.9;0.999;0.0;1e-08;0.0001;4.0;6.0;13.0;0.2;11.25;22.5;2000.0;1.0;0.2;mse;5.0;100.0;adam;10.0;0.0;0.0;0.0001;0.0;0.0;0.0;0.999704571809;0.999382305198;0.864672225600358;0.962834902168;0.990648279877;0.984612470862;0.8429670309905092;0.986885245902;0.996825396825;0.887524716851014;0.940426587302;0.298222222222
37;12.0;unet;0.5;5.0;200.0;32.0;32.0;0.0;0.0;150.0;0.0;1e-08;0.0001;0.9;0.999;0.0;1e-08;0.0001;0.9;0.999;0.0;1e-08;0.0001;4.0;7.0;13.0;0.2;11.25;22.5;2000.0;1.0;0.2;mse;5.0;100.0;adam;10.0;0.0;0.0;0.0001;0.0;0.0;0.0;0.999597135181;0.999328530984;0.8639664758488622;0.95859397297;0.9875;0.981442307692;0.8583263246425568;0.987122990004;0.99375;0.8696812413895407;0.933630952381;0.416
38;12.0;unet;0.5;5.0;200.0;32.0;32.0;0.0;0.0;150.0;0.0;1e-08;0.0001;0.9;0.999;0.0;1e-08;0.0001;0.9;0.999;0.0;1e-08;0.0001;4.0;8.0;13.0;0.2;11.25;22.5;2000.0;1.0;0.2;mse;5.0;100.0;adam;10.0;0.0;0.0;0.0001;0.0;0.0;0.0;0.999623980813;0.999570282334;0.863071051324736;0.97402519685;0.989025;0.987644230769;0.8541646381703504;0.996721311475;0.990525793651;0.8721651566965505;0.952777777778;0.333333333333
39;12.0;unet;0.5;5.0;200.0;32.0;32.0;0.0;0.0;150.0;0.0;1e-08;0.0001;0.9;0.999;0.0;1e-08;0.0001;0.9;0.999;0.0;1e-08;0.0001;4.0;9.0;13.0;0.2;11.25;22.5;2000.0;1.0;0.2;mse;5.0;100.0;adam;10.0;0.0;0.0;0.0001;0.0;0.0;0.0;0.999597145999;0.999355423499;0.8598321954030278;0.960703007605;0.988975406054;0.990769230769;0.8531761445026894;0.996551724138;0.9875;0.8665929172117656;0.927579365079;0.337333333333
40;12.0;unet;0.5;5.0;200.0;32.0;32.0;0.0;0.0;150.0;0.0;1e-08;0.0001;0.9;0.999;0.0;1e-08;0.0001;0.9;0.999;0.0;1e-08;0.0001;4.0;0.0;13.0;0.2;11.25;22.5;2000.0;1.0;0.2;mse;5.0;100.0;adam;10.0;0.0;0.0;0.0001;0.0;0.0;0.0;0.99959713518;0.999221105174;0.8654789178311251;0.951959680493;0.987644040023;0.978922172355;0.846791971927112;0.993220338983;0.996875;0.8850092397230765;0.914880952381;0.241333333333
41;12.0;unet;0.5;5.0;200.0;32.0;32.0;0.0;0.0;150.0;0.0;1e-08;0.0001;0.9;0.999;0.0;1e-08;0.0001;0.9;0.999;0.0;1e-08;0.0001;4.0;1.0;13.0;0.2;11.25;22.5;2000.0;1.0;0.2;mse;5.0;100.0;adam;10.0;0.0;0.0;0.0001;0.0;0.0;0.0;0.999624002452;0.999436018103;0.8659014721625946;0.965790458046;0.989073076923;0.987689393939;0.8570150056572626;0.990456323338;0.990575396825;0.8749741587591154;0.943551587302;0.341333333333
42;12.0;unet;0.5;5.0;200.0;32.0;32.0;0.0;0.0;150.0;0.0;1e-08;0.0001;0.9;0.999;0.0;1e-08;0.0001;0.9;0.999;0.0;1e-08;0.0001;4.0;2.0;13.0;0.2;11.25;22.5;2000.0;1.0;0.2;mse;5.0;100.0;adam;10.0;0.0;0.0;0.0001;0.0;0.0;0.0;0.999704575416;0.999355459565;0.8662312402672738;0.960884143219;0.990673258866;0.984567307692;0.8516286538159494;0.990156877792;0.996875;0.8813433342223246;0.934226190476;0.282666666667
43;12.0;unet;0.5;5.0;200.0;32.0;32.0;0.0;0.0;150.0;0.0;1e-08;0.0001;0.9;0.999;0.0;1e-08;0.0001;0.9;0.999;0.0;1e-08;0.0001;4.0;3.0;13.0;0.2;11.25;22.5;2000.0;1.0;0.2;mse;5.0;100.0;adam;10.0;0.0;0.0;0.0001;0.0;0.0;0.0;0.999409129195;0.99938229438;0.8653849432368553;0.963011280121;0.983005396556;0.976228400223;0.8501689320358784;0.987197501952;0.990525793651;0.8811555413878048;0.940376984127;0.305222222222
44;12.0;unet;0.5;5.0;200.0;32.0;32.0;0.0;0.0;150.0;0.0;1e-08;0.0001;0.9;0.999;0.0;1e-08;0.0001;0.9;0.999;0.0;1e-08;0.0001;4.0;4.0;13.0;0.2;11.25;22.5;2000.0;1.0;0.2;mse;5.0;100.0;adam;10.0;0.0;0.0;0.0001;0.0;0.0;0.0;0.99951658025;0.99932857787;0.8606742536106815;0.958984242809;0.980861045409;0.984660547786;0.8500818879797065;0.993435566317;0.978125;0.8715339202779965;0.927827380952;0.318666666667
45;12.0;unet;0.5;5.0;200.0;32.0;32.0;0.0;0.0;150.0;0.0;1e-08;0.0001;0.9;0.999;0.0;1e-08;0.0001;0.9;0.999;0.0;1e-08;0.0001;4.0;5.0;13.0;0.2;11.25;22.5;2000.0;1.0;0.2;mse;5.0;100.0;adam;10.0;0.0;0.0;0.0001;0.0;0.0;0.0;0.999597142393;0.999328581475;0.8624158093751314;0.959551155438;0.985737470279;0.987919776119;0.8515761895458118;0.990322580645;0.984176587302;0.8735349397248124;0.930902777778;0.330666666667
46;12.0;unet;0.5;5.0;200.0;32.0;32.0;0.0;0.0;150.0;0.0;1e-08;0.0001;0.9;0.999;0.0;1e-08;0.0001;0.9;0.999;0.0;1e-08;0.0001;4.0;6.0;13.0;0.2;11.25;22.5;2000.0;1.0;0.2;mse;5.0;100.0;adam;10.0;0.0;0.0;0.0001;0.0;0.0;0.0;0.999597142394;0.999382265529;0.8654606393281815;0.962349084019;0.987523279877;0.981534021534;0.8527450713092067;0.993644388398;0.99375;0.8785611597075482;0.933829365079;0.340038095238
47;12.0;unet;0.5;5.0;200.0;32.0;32.0;0.0;0.0;150.0;0.0;1e-08;0.0001;0.9;0.999;0.0;1e-08;0.0001;0.9;0.999;0.0;1e-08;0.0001;4.0;7.0;13.0;0.2;11.25;22.5;2000.0;1.0;0.2;mse;5.0;100.0;adam;10.0;0.0;0.0;0.0001;0.0;0.0;0.0;0.999623991632;0.999597149605;0.8675180484568318;0.976097977471;0.988973470624;0.987588587488;0.8524634365179348;0.990524193548;0.990525793651;0.8831139523763684;0.962301587302;0.377333333333
48;12.0;unet;0.5;5.0;200.0;32.0;32.0;0.0;0.0;150.0;0.0;1e-08;0.0001;0.9;0.999;0.0;1e-08;0.0001;0.9;0.999;0.0;1e-08;0.0001;4.0;8.0;13.0;0.2;11.25;22.5;2000.0;1.0;0.2;mse;5.0;100.0;adam;10.0;0.0;0.0;0.0001;0.0;0.0;0.0;0.999516591064;0.999328592293;0.8652425159943493;0.959495913538;0.983151580849;0.980281690141;0.8509213088139256;0.990322580645;0.987301587302;0.8800540338374282;0.930902777778;0.372888888889
49;12.0;unet;0.5;5.0;200.0;32.0;32.0;0.0;0.0;150.0;0.0;1e-08;0.0001;0.9;0.999;0.0;1e-08;0.0001;0.9;0.999;0.0;1e-08;0.0001;4.0;9.0;13.0;0.2;11.25;22.5;2000.0;1.0;0.2;mse;5.0;100.0;adam;10.0;0.0;0.0;0.0001;0.0;0.0;0.0;0.999624006058;0.999301703383;0.8624844828354934;0.95725398819;0.988949618507;0.987596153846;0.8550809155853623;0.993485169492;0.990625;0.8700173747824207;0.924454365079;0.341777777778
50;12.0;unet;0.5;5.0;200.0;32.0;32.0;0.0;0.0;150.0;0.0;1e-08;0.0001;0.9;0.999;0.0;1e-08;0.0001;0.9;0.999;0.0;1e-08;0.0001;4.0;0.0;13.0;0.2;11.25;22.5;2000.0;1.0;0.2;mse;5.0;100.0;adam;10.0;0.0;0.0;0.0001;0.0;0.0;0.0;0.999489731011;0.999060016953;0.8655462119678092;0.940317741967;0.98444672949;0.981534021534;0.8512889461346878;0.99649122807;0.9875;0.8802891694033396;0.893452380952;0.301333333333
51;12.0;unet;0.5;5.0;200.0;32.0;32.0;0.0;0.0;150.0;0.0;1e-08;0.0001;0.9;0.999;0.0;1e-08;0.0001;0.9;0.999;0.0;1e-08;0.0001;4.0;1.0;13.0;0.2;11.25;22.5;2000.0;1.0;0.2;mse;5.0;100.0;adam;10.0;0.0;0.0;0.0001;0.0;0.0;0.0;0.999570282335;0.999489723796;0.8647400215042689;0.969311502271;0.985848679827;0.984511664411;0.8552295081714201;0.993495505024;0.987450396825;0.8744644353511332;0.946676587302;0.370666666667
52;12.0;unet;0.5;5.0;200.0;32.0;32.0;0.0;0.0;150.0;0.0;1e-08;0.0001;0.9;0.999;0.0;1e-08;0.0001;0.9;0.999;0.0;1e-08;0.0001;4.0;2.0;13.0;0.2;11.25;22.5;2000.0;1.0;0.2;mse;5.0;100.0;adam;10.0;0.0;0.0;0.0001;0.0;0.0;0.0;0.999623988026;0.999248008508;0.8678093184405522;0.953760036619;0.986021350697;0.975523018648;0.8498174980978356;0.99336622807;0.996825396825;0.8865794403142295;0.918253968254;0.242666666667
53;12.0;unet;0.5;5.0;200.0;32.0;32.0;0.0;0.0;150.0;0.0;1e-08;0.0001;0.9;0.999;0.0;1e-08;0.0001;0.9;0.999;0.0;1e-08;0.0001;4.0;3.0;13.0;0.2;11.25;22.5;2000.0;1.0;0.2;mse;5.0;100.0;adam;10.0;0.0;0.0;0.0001;0.0;0.0;0.0;0.99962399524;0.999516551397;0.8629799620260956;0.970810490968;0.985920044179;0.981765929966;0.8522504139505968;0.990524193548;0.990625;0.8739831175819858;0.952678571429;0.273333333333
54;12.0;unet;0.5;5.0;200.0;32.0;32.0;0.0;0.0;150.0;0.0;1e-08;0.0001;0.9;0.999;0.0;1e-08;0.0001;0.9;0.999;0.0;1e-08;0.0001;4.0;4.0;13.0;0.2;11.25;22.5;2000.0;1.0;0.2;mse;5.0;100.0;adam;10.0;0.0;0.0;0.0001;0.0;0.0;0.0;0.999650862511;0.99935543432;0.8666194541386472;0.961020783092;0.987643121102;0.978830323905;0.8494858017627489;0.990047229162;0.996875;0.8844584859478882;0.934027777778;0.281333333333
55;12.0;unet;0.5;5.0;200.0;32.0;32.0;0.0;0.0;150.0;0.0;1e-08;0.0001;0.9;0.999;0.0;1e-08;0.0001;0.9;0.999;0.0;1e-08;0.0001;4.0;5.0;13.0;0.2;11.25;22.5;2000.0;1.0;0.2;mse;5.0;100.0;adam;10.0;0.0;0.0;0.0001;0.0;0.0;0.0;0.999543422274;0.999221126811;0.8585241922654684;0.951964196579;0.983919531102;0.99358974359;0.8568830184763931;1.0;0.974751984127;0.8601716647440257;0.908630952381;0.324
56;12.0;unet;0.5;5.0;200.0;32.0;32.0;0.0;0.0;150.0;0.0;1e-08;0.0001;0.9;0.999;0.0;1e-08;0.0001;0.9;0.999;0.0;1e-08;0.0001;4.0;6.0;13.0;0.2;11.25;22.5;2000.0;1.0;0.2;mse;5.0;100.0;adam;10.0;0.0;0.0;0.0001;0.0;0.0;0.0;0.999677700931;0.999382269136;0.8667204160481479;0.962111324994;0.989168684538;0.981953867028;0.8525999206131111;1.0;0.996825396825;0.8813165066745361;0.927628968254;0.305333333333
57;12.0;unet;0.5;5.0;200.0;32.0;32.0;0.0;0.0;150.0;0.0;1e-08;0.0001;0.9;0.999;0.0;1e-08;0.0001;0.9;0.999;0.0;1e-08;0.0001;4.0;7.0;13.0;0.2;11.25;22.5;2000.0;1.0;0.2;mse;5.0;100.0;adam;10.0;0.0;0.0;0.0001;0.0;0.0;0.0;0.999650855298;0.999382287167;0.8645876804698818;0.962911502271;0.987425409033;0.984371947497;0.848682590494952;0.986938127975;0.990575396825;0.8811003082011813;0.940327380952;0.339
58;12.0;unet;0.5;5.0;200.0;32.0;32.0;0.0;0.0;150.0;0.0;1e-08;0.0001;0.9;0.999;0.0;1e-08;0.0001;0.9;0.999;0.0;1e-08;0.0001;4.0;8.0;13.0;0.2;11.25;22.5;2000.0;1.0;0.2;mse;5.0;100.0;adam;10.0;0.0;0.0;0.0001;0.0;0.0;0.0;0.999597153211;0.999274861354;0.8656294531632466;0.955622698061;0.987546550672;0.984609487734;0.8553331515484834;0.993273035613;0.990575396825;0.8761766641364607;0.921329365079;0.329333333333
59;12.0;unet;0.5;5.0;200.0;32.0;32.0;0.0;0.0;150.0;0.0;1e-08;0.0001;0.9;0.999;0.0;1e-08;0.0001;0.9;0.999;0.0;1e-08;0.0001;4.0;9.0;13.0;0.2;11.25;22.5;2000.0;1.0;0.2;mse;5.0;100.0;adam;10.0;0.0;0.0;0.0001;0.0;0.0;0.0;0.999597142393;0.999436003676;0.8677610183807819;0.965920722341;0.984543264829;0.969602272727;0.8443589467963762;0.993440860215;1.0;0.8924972817381726;0.940178571429;0.222666666667
60;12.0;unet;0.5;5.0;200.0;32.0;32.0;0.0;0.0;150.0;0.0;1e-08;0.0001;0.9;0.999;0.0;1e-08;0.0001;0.9;0.999;0.0;1e-08;0.0001;4.0;0.0;13.0;0.2;11.25;22.5;2000.0;1.0;0.2;mse;5.0;100.0;adam;10.0;0.0;0.0;0.0001;0.0;0.0;0.0;0.999597138787;0.99919430282;0.8634929559866305;0.950496765619;0.988949809253;0.987447270471;0.85470508299541;0.989986733094;0.990525793651;0.8724634159043172;0.915376984127;0.333511111111
61;12.0;unet;0.5;5.0;200.0;32.0;32.0;0.0;0.0;150.0;0.0;1e-08;0.0001;0.9;0.999;0.0;1e-08;0.0001;0.9;0.999;0.0;1e-08;0.0001;4.0;1.0;13.0;0.2;11.25;22.5;2000.0;1.0;0.2;mse;5.0;100.0;adam;10.0;0.0;0.0;0.0001;0.0;0.0;0.0;0.99957029676;0.999382290775;0.8660548664351719;0.962493082767;0.984465955009;0.978830323905;0.8521109229169117;0.996551724138;0.990525793651;0.8804627594184419;0.930952380952;0.321333333333
62;12.0;unet;0.5;5.0;200.0;32.0;32.0;0.0;0.0;150.0;0.0;1e-08;0.0001;0.9;0.999;0.0;1e-08;0.0001;0.9;0.999;0.0;1e-08;0.0001;4.0;2.0;13.0;0.2;11.25;22.5;2000.0;1.0;0.2;mse;5.0;100.0;adam;10.0;0.0;0.0;0.0001;0.0;0.0;0.0;0.999650858904;0.999355427109;0.8618305732761707;0.960566337432;0.989023473748;0.987785547786;0.8503130956458432;0.996551724138;0.990575396825;0.873664343190616;0.927777777778;0.321333333333
63;12.0;unet;0.5;5.0;200.0;32.0;32.0;0.0;0.0;150.0;0.0;1e-08;0.0001;0.9;0.999;0.0;1e-08;0.0001;0.9;0.999;0.0;1e-08;0.0001;4.0;3.0;13.0;0.2;11.25;22.5;2000.0;1.0;0.2;mse;5.0;100.0;adam;10.0;0.0;0.0;0.0001;0.0;0.0;0.0;0.99957028594;0.999516583853;0.860950551967817;0.971120122416;0.988950799755;0.990623473748;0.8560094222624349;0.99026625704;0.987450396825;0.8659490560648406;0.952876984127;0.454666666667
64;12.0;unet;0.5;5.0;200.0;32.0;32.0;0.0;0.0;150.0;0.0;1e-08;0.0001;0.9;0.999;0.0;1e-08;0.0001;0.9;0.999;0.0;1e-08;0.0001;4.0;4.0;13.0;0.2;11.25;22.5;2000.0;1.0;0.2;mse;5.0;100.0;adam;10.0;0.0;0.0;0.0001;0.0;0.0;0.0;0.999623988025;0.999328559837;0.8664599736110165;0.959339654234;0.98597289228;0.975381701632;0.850590859128785;0.987038934426;0.996825396825;0.8829324719060342;0.934027777778;0.292
65;12.0;unet;0.5;5.0;200.0;32.0;32.0;0.0;0.0;150.0;0.0;1e-08;0.0001;0.9;0.999;0.0;1e-08;0.0001;0.9;0.999;0.0;1e-08;0.0001;4.0;5.0;13.0;0.2;11.25;22.5;2000.0;1.0;0.2;mse;5.0;100.0;adam;10.0;0.0;0.0;0.0001;0.0;0.0;0.0;0.999597164031;0.999409150831;0.8637861206893904;0.964457391647;0.984542718597;0.975612083812;0.8409584493579597;0.990215053763;0.99375;0.8878876777916825;0.940277777778;0.320888888889
66;12.0;unet;0.5;5.0;200.0;32.0;32.0;0.0;0.0;150.0;0.0;1e-08;0.0001;0.9;0.999;0.0;1e-08;0.0001;0.9;0.999;0.0;1e-08;0.0001;4.0;6.0;13.0;0.2;11.25;22.5;2000.0;1.0;0.2;mse;5.0;100.0;adam;10.0;0.0;0.0;0.0001;0.0;0.0;0.0;0.999650851692;0.999247994086;0.8653875971396143;0.953521472569;0.989121744397;0.981628787879;0.8505239866568935;0.990373783922;0.996825396825;0.8807799557187652;0.921478174603;0.290666666667
67;12.0;unet;0.5;5.0;200.0;32.0;32.0;0.0;0.0;150.0;0.0;1e-08;0.0001;0.9;0.999;0.0;1e-08;0.0001;0.9;0.999;0.0;1e-08;0.0001;4.0;7.0;13.0;0.2;11.25;22.5;2000.0;1.0;0.2;mse;5.0;100.0;adam;10.0;0.0;0.0;0.0001;0.0;0.0;0.0;0.99954342588;0.999382294378;0.8639886142368958;0.962730207702;0.984373464945;0.981580641581;0.8563305963451364;0.989994532531;0.987450396825;0.8717848367543717;0.937152777778;0.330666666667
68;12.0;unet;0.5;5.0;200.0;32.0;32.0;0.0;0.0;150.0;0.0;1e-08;0.0001;0.9;0.999;0.0;1e-08;0.0001;0.9;0.999;0.0;1e-08;0.0001;4.0;8.0;13.0;0.2;11.25;22.5;2000.0;1.0;0.2;mse;5.0;100.0;adam;10.0;0.0;0.0;0.0001;0.0;0.0;0.0;0.999597145999;0.999409129193;0.8674556863364301;0.964211127741;0.987471304531;0.984660547786;0.8512287598776253;0.993546708301;0.990525793651;0.8843133015716209;0.936954365079;0.282888888889
69;12.0;unet;0.5;5.0;200.0;32.0;32.0;0.0;0.0;150.0;0.0;1e-08;0.0001;0.9;0.999;0.0;1e-08;0.0001;0.9;0.999;0.0;1e-08;0.0001;4.0;9.0;13.0;0.2;11.25;22.5;2000.0;1.0;0.2;mse;5.0;100.0;adam;10.0;0.0;0.0;0.0001;0.0;0.0;0.0;0.999650851692;0.999221159271;0.8662156881448136;0.952839508164;0.987617924251;0.978830323905;0.8450033092654932;0.986719459109;0.996825396825;0.8885204923012828;0.921527777778;0.241333333333
70;12.0;unet;0.5;5.0;200.0;32.0;32.0;0.0;0.0;150.0;0.0;1e-08;0.0001;0.9;0.999;0.0;1e-08;0.0001;0.9;0.999;0.0;1e-08;0.0001;4.0;0.0;13.0;0.2;11.25;22.5;2000.0;1.0;0.2;mse;5.0;100.0;adam;10.0;0.0;0.0;0.0001;0.0;0.0;0.0;0.999570307578;0.999033138856;0.8593236714975846;0.939976863381;0.984301181102;0.984275793651;0.8421417025086619;0.993218390805;0.984375;0.8772213604091674;0.892956349206;0.284
71;12.0;unet;0.5;5.0;200.0;32.0;32.0;0.0;0.0;150.0;0.0;1e-08;0.0001;0.9;0.999;0.0;1e-08;0.0001;0.9;0.999;0.0;1e-08;0.0001;4.0;1.0;13.0;0.2;11.25;22.5;2000.0;1.0;0.2;mse;5.0;100.0;adam;10.0;0.0;0.0;0.0001;0.0;0.0;0.0;0.999623998844;0.999328556228;0.8661373756044938;0.959341495442;0.985995044179;0.981814006889;0.8486252632949767;0.989994532531;0.990525793651;0.8843874718508009;0.930704365079;0.322666666667
72;12.0;unet;0.5;5.0;200.0;32.0;32.0;0.0;0.0;150.0;0.0;1e-08;0.0001;0.9;0.999;0.0;1e-08;0.0001;0.9;0.999;0.0;1e-08;0.0001;4.0;2.0;13.0;0.2;11.25;22.5;2000.0;1.0;0.2;mse;5.0;100.0;adam;10.0;0.0;0.0;0.0001;0.0;0.0;0.0;0.999624002452;0.999516573034;0.862204299139452;0.970611585366;0.987498473748;0.984514790765;0.855372343647351;0.99336622807;0.990575396825;0.8691462685248162;0.949652777778;0.382666666667
73;12.0;unet;0.5;5.0;200.0;32.0;32.0;0.0;0.0;150.0;0.0;1e-08;0.0001;0.9;0.999;0.0;1e-08;0.0001;0.9;0.999;0.0;1e-08;0.0001;4.0;3.0;13.0;0.2;11.25;22.5;2000.0;1.0;0.2;mse;5.0;100.0;adam;10.0;0.0;0.0;0.0001;0.0;0.0;0.0;0.999570285938;0.999301728627;0.8624750989473945;0.958200740786;0.982938461364;0.972700481708;0.8449969338854862;0.984166666667;0.993650793651;0.8806915826201677;0.933928571429;0.278666666667
74;12.0;unet;0.5;5.0;200.0;32.0;32.0;0.0;0.0;150.0;0.0;1e-08;0.0001;0.9;0.999;0.0;1e-08;0.0001;0.9;0.999;0.0;1e-08;0.0001;4.0;4.0;13.0;0.2;11.25;22.5;2000.0;1.0;0.2;mse;5.0;100.0;adam;10.0;0.0;0.0;0.0001;0.0;0.0;0.0;0.99951657664;0.999167435545;0.8669786168493238;0.949257610646;0.984519412712;0.972539335664;0.8485394263472891;0.986710454297;0.996875;0.886236994557164;0.915029761905;0.213333333333
75;12.0;unet;0.5;5.0;200.0;32.0;32.0;0.0;0.0;150.0;0.0;1e-08;0.0001;0.9;0.999;0.0;1e-08;0.0001;0.9;0.999;0.0;1e-08;0.0001;4.0;5.0;13.0;0.2;11.25;22.5;2000.0;1.0;0.2;mse;5.0;100.0;adam;10.0;0.0;0.0;0.0001;0.0;0.0;0.0;0.999650866117;0.999516576642;0.8654612951481717;0.971065190795;0.987523279877;0.981534021534;0.8500006086834785;0.990620347395;0.99375;0.8814948309627776;0.952926587302;0.311777777778
76;12.0;unet;0.5;5.0;200.0;32.0;32.0;0.0;0.0;150.0;0.0;1e-08;0.0001;0.9;0.999;0.0;1e-08;0.0001;0.9;0.999;0.0;1e-08;0.0001;4.0;6.0;13.0;0.2;11.25;22.5;2000.0;1.0;0.2;mse;5.0;100.0;adam;10.0;0.0;0.0;0.0001;0.0;0.0;0.0;0.999597142394;0.999382294381;0.8631843551882811;0.962642780369;0.985922507808;0.984610944611;0.8535945574368478;0.990039615167;0.987400793651;0.8729920764048561;0.937251984127;0.399333333333
77;12.0;unet;0.5;5.0;200.0;32.0;32.0;0.0;0.0;150.0;0.0;1e-08;0.0001;0.9;0.999;0.0;1e-08;0.0001;0.9;0.999;0.0;1e-08;0.0001;4.0;7.0;13.0;0.2;11.25;22.5;2000.0;1.0;0.2;mse;5.0;100.0;adam;10.0;0.0;0.0;0.0001;0.0;0.0;0.0;0.99957028594;0.999167453579;0.8639829342896485;0.94850564663;0.985799593353;0.987498473748;0.8581621342234234;0.989552332781;0.984275793651;0.869883237043478;0.912202380952;0.273333333333
78;12.0;unet;0.5;5.0;200.0;32.0;32.0;0.0;0.0;150.0;0.0;1e-08;0.0001;0.9;0.999;0.0;1e-08;0.0001;0.9;0.999;0.0;1e-08;0.0001;4.0;8.0;13.0;0.2;11.25;22.5;2000.0;1.0;0.2;mse;5.0;100.0;adam;10.0;0.0;0.0;0.0001;0.0;0.0;0.0;0.99951655861;0.999301714202;0.8658006578733307;0.957981231471;0.984418797007;0.978741258741;0.8503383555327635;0.986991010048;0.990525793651;0.8818356986287967;0.930853174603;0.307666666667
79;12.0;unet;0.5;5.0;200.0;32.0;32.0;0.0;0.0;150.0;0.0;1e-08;0.0001;0.9;0.999;0.0;1e-08;0.0001;0.9;0.999;0.0;1e-08;0.0001;4.0;9.0;13.0;0.2;11.25;22.5;2000.0;1.0;0.2;mse;5.0;100.0;adam;10.0;0.0;0.0;0.0001;0.0;0.0;0.0;0.999570289546;0.99948970937;0.8644412634852275;0.969174193548;0.98294442762;0.969462412587;0.8453706064166945;0.996721311475;0.996825396825;0.8843922061239401;0.943353174603;0.230666666667
80;12.0;unet;0.5;5.0;200.0;32.0;32.0;0.0;0.0;150.0;0.0;1e-08;0.0001;0.9;0.999;0.0;1e-08;0.0001;0.9;0.999;0.0;1e-08;0.0001;4.0;0.0;13.0;0.2;11.25;22.5;2000.0;1.0;0.2;mse;5.0;100.0;adam;10.0;0.0;0.0;0.0001;0.0;0.0;0.0;0.999597138786;0.99905999531;0.866614628199666;0.942245710553;0.989073476728;0.981487470862;0.8540819031769165;0.98988700565;0.996825396825;0.8795206390637501;0.899404761905;0.28
81;12.0;unet;0.5;5.0;200.0;32.0;32.0;0.0;0.0;150.0;0.0;1e-08;0.0001;0.9;0.999;0.0;1e-08;0.0001;0.9;0.999;0.0;1e-08;0.0001;4.0;1.0;13.0;0.2;11.25;22.5;2000.0;1.0;0.2;mse;5.0;100.0;adam;10.0;0.0;0.0;0.0001;0.0;0.0;0.0;0.999543422275;0.999489705764;0.8659341444510199;0.969365863649;0.982814203193;0.978706758137;0.8525252741505577;0.99;0.987351190476;0.8797715555401253;0.949702380952;0.318333333333
82;12.0;unet;0.5;5.0;200.0;32.0;32.0;0.0;0.0;150.0;0.0;1e-08;0.0001;0.9;0.999;0.0;1e-08;0.0001;0.9;0.999;0.0;1e-08;0.0001;4.0;2.0;13.0;0.2;11.25;22.5;2000.0;1.0;0.2;mse;5.0;100.0;adam;10.0;0.0;0.0;0.0001;0.0;0.0;0.0;0.999650855297;0.999597142392;0.8647644811355589;0.975843922263;0.987450396825;0.984567307692;0.8521382239121975;0.996721311475;0.990625;0.8777705360933094;0.955952380952;0.357666666667
83;12.0;unet;0.5;5.0;200.0;32.0;32.0;0.0;0.0;150.0;0.0;1e-08;0.0001;0.9;0.999;0.0;1e-08;0.0001;0.9;0.999;0.0;1e-08;0.0001;4.0;3.0;13.0;0.2;11.25;22.5;2000.0;1.0;0.2;mse;5.0;100.0;adam;10.0;0.0;0.0;0.0001;0.0;0.0;0.0;0.999543433095;0.99946287095;0.8629525533685021;0.967890886441;0.984514703885;0.975838025987;0.8520919514059926;0.987137978142;0.993650793651;0.8740935839552327;0.949801587302;0.334666666667
84;12.0;unet;0.5;5.0;200.0;32.0;32.0;0.0;0.0;150.0;0.0;1e-08;0.0001;0.9;0.999;0.0;1e-08;0.0001;0.9;0.999;0.0;1e-08;0.0001;4.0;4.0;13.0;0.2;11.25;22.5;2000.0;1.0;0.2;mse;5.0;100.0;adam;10.0;0.0;0.0;0.0001;0.0;0.0;0.0;0.999597145998;0.999355434319;0.8629329775513711;0.960998207169;0.987474612403;0.984519230769;0.8504836751958609;0.993331480967;0.990575396825;0.8757521576449832;0.930853174603;0.352
85;12.0;unet;0.5;5.0;200.0;32.0;32.0;0.0;0.0;150.0;0.0;1e-08;0.0001;0.9;0.999;0.0;1e-08;0.0001;0.9;0.999;0.0;1e-08;0.0001;4.0;5.0;13.0;0.2;11.25;22.5;2000.0;1.0;0.2;mse;5.0;100.0;adam;10.0;0.0;0.0;0.0001;0.0;0.0;0.0;0.999489716582;0.999301714201;0.8638714237298483;0.957664654234;0.979523870574;0.978208934882;0.85698334953552;0.98993970228;0.981150793651;0.8708711220385149;0.927678571429;0.316
86;12.0;unet;0.5;5.0;200.0;32.0;32.0;0.0;0.0;150.0;0.0;1e-08;0.0001;0.9;0.999;0.0;1e-08;0.0001;0.9;0.999;0.0;1e-08;0.0001;4.0;6.0;13.0;0.2;11.25;22.5;2000.0;1.0;0.2;mse;5.0;100.0;adam;10.0;0.0;0.0;0.0001;0.0;0.0;0.0;0.999650855296;0.999436007282;0.8658327159556232;0.966009775922;0.988975987377;0.987496947497;0.850638088581709;0.989998147634;0.990575396825;0.8815800478792823;0.943402777778;0.378666666667
87;12.0;unet;0.5;5.0;200.0;32.0;32.0;0.0;0.0;150.0;0.0;1e-08;0.0001;0.9;0.999;0.0;1e-08;0.0001;0.9;0.999;0.0;1e-08;0.0001;4.0;7.0;13.0;0.2;11.25;22.5;2000.0;1.0;0.2;mse;5.0;100.0;adam;10.0;0.0;0.0;0.0001;0.0;0.0;0.0;0.999570289546;0.999167453577;0.8671872522777876;0.948662640597;0.985972138098;0.978454184704;0.850301962223631;0.996551724138;0.99375;0.8847567451556551;0.905803571429;0.262666666667
88;12.0;unet;0.5;5.0;200.0;32.0;32.0;0.0;0.0;150.0;0.0;1e-08;0.0001;0.9;0.999;0.0;1e-08;0.0001;0.9;0.999;0.0;1e-08;0.0001;4.0;8.0;13.0;0.2;11.25;22.5;2000.0;1.0;0.2;mse;5.0;100.0;adam;10.0;0.0;0.0;0.0001;0.0;0.0;0.0;0.999570278729;0.999140543029;0.8666169026569316;0.94596711251;0.984362781036;0.981831605593;0.8541860504327913;0.993333333333;0.987351190476;0.8794149069636423;0.905406746032;0.297333333333
89;12.0;unet;0.5;5.0;200.0;32.0;32.0;0.0;0.0;150.0;0.0;1e-08;0.0001;0.9;0.999;0.0;1e-08;0.0001;0.9;0.999;0.0;1e-08;0.0001;4.0;9.0;13.0;0.2;11.25;22.5;2000.0;1.0;0.2;mse;5.0;100.0;adam;10.0;0.0;0.0;0.0001;0.0;0.0;0.0;0.999623998846;0.9994360145;0.8653415245582;0.965662094917;0.985875984252;0.984421550672;0.8488652216350948;0.99649122807;0.9875;0.8824700912294434;0.937351190476;0.317333333333
90;12.0;unet;0.5;5.0;200.0;32.0;32.0;0.0;0.0;150.0;0.0;1e-08;0.0001;0.9;0.999;0.0;1e-08;0.0001;0.9;0.999;0.0;1e-08;0.0001;4.0;0.0;13.0;0.2;11.25;22.5;2000.0;1.0;0.2;mse;5.0;100.0;adam;10.0;0.0;0.0;0.0001;0.0;0.0;0.0;0.999570296761;0.999301714203;0.8632760980080125;0.957609903866;0.983062786353;0.975747703789;0.8471317744672254;0.989877641824;0.990625;0.8800477214732427;0.927728174603;0.322666666667
91;12.0;unet;0.5;5.0;200.0;32.0;32.0;0.0;0.0;150.0;0.0;1e-08;0.0001;0.9;0.999;0.0;1e-08;0.0001;0.9;0.999;0.0;1e-08;0.0001;4.0;1.0;13.0;0.2;11.25;22.5;2000.0;1.0;0.2;mse;5.0;100.0;adam;10.0;0.0;0.0;0.0001;0.0;0.0;0.0;0.999650844479;0.999140546635;0.862731464738497;0.945612595534;0.989048670599;0.984610944611;0.8505433199100754;0.996825396825;0.993700396825;0.8752739960579285;0.902281746032;0.306666666667
92;12.0;unet;0.5;5.0;200.0;32.0;32.0;0.0;0.0;150.0;0.0;1e-08;0.0001;0.9;0.999;0.0;1e-08;0.0001;0.9;0.999;0.0;1e-08;0.0001;4.0;2.0;13.0;0.2;11.25;22.5;2000.0;1.0;0.2;mse;5.0;100.0;adam;10.0;0.0;0.0;0.0001;0.0;0.0;0.0;0.999623998845;0.999489709369;0.8644466313304641;0.969085478167;0.98577166087;0.987535705415;0.8531088118731243;0.993495505024;0.984226190476;0.8760898691289095;0.946428571429;0.353333333333
93;12.0;unet;0.5;5.0;200.0;32.0;32.0;0.0;0.0;150.0;0.0;1e-08;0.0001;0.9;0.999;0.0;1e-08;0.0001;0.9;0.999;0.0;1e-08;0.0001;4.0;3.0;13.0;0.2;11.25;22.5;2000.0;1.0;0.2;mse;5.0;100.0;adam;10.0;0.0;0.0;0.0001;0.0;0.0;0.0;0.999489712976;0.999221148449;0.8655198991412855;0.952681952275;0.982869081363;0.978828867028;0.8533052591545235;0.986495226963;0.987450396825;0.8780893104846791;0.921378968254;0.298666666667
94;12.0;unet;0.5;5.0;200.0;32.0;32.0;0.0;0.0;150.0;0.0;1e-08;0.0001;0.9;0.999;0.0;1e-08;0.0001;0.9;0.999;0.0;1e-08;0.0001;4.0;4.0;13.0;0.2;11.25;22.5;2000.0;1.0;0.2;mse;5.0;100.0;adam;10.0;0.0;0.0;0.0001;0.0;0.0;0.0;0.999597142393;0.999382276346;0.8662381722262023;0.96281080514;0.985899454876;0.981389790765;0.8523239296787891;0.990109289617;0.990575396825;0.8806142561588949;0.937103174603;0.292
95;12.0;unet;0.5;5.0;200.0;32.0;32.0;0.0;0.0;150.0;0.0;1e-08;0.0001;0.9;0.999;0.0;1e-08;0.0001;0.9;0.999;0.0;1e-08;0.0001;4.0;5.0;13.0;0.2;11.25;22.5;2000.0;1.0;0.2;mse;5.0;100.0;adam;10.0;0.0;0.0;0.0001;0.0;0.0;0.0;0.999597145999;0.99922114124;0.8646314108892301;0.952710958627;0.985873676703;0.984612470862;0.8487419739274249;0.986382232613;0.987400793651;0.88112713574897;0.921478174603;0.302666666667
96;12.0;unet;0.5;5.0;200.0;32.0;32.0;0.0;0.0;150.0;0.0;1e-08;0.0001;0.9;0.999;0.0;1e-08;0.0001;0.9;0.999;0.0;1e-08;0.0001;4.0;6.0;13.0;0.2;11.25;22.5;2000.0;1.0;0.2;mse;5.0;100.0;adam;10.0;0.0;0.0;0.0001;0.0;0.0;0.0;0.999570285942;0.99927483972;0.864859455819885;0.955387666764;0.982890775017;0.978711484594;0.8504916432096787;0.996610169492;0.987450396825;0.879721056626641;0.918204365079;0.290666666667
97;12.0;unet;0.5;5.0;200.0;32.0;32.0;0.0;0.0;150.0;0.0;1e-08;0.0001;0.9;0.999;0.0;1e-08;0.0001;0.9;0.999;0.0;1e-08;0.0001;4.0;7.0;13.0;0.2;11.25;22.5;2000.0;1.0;0.2;mse;5.0;100.0;adam;10.0;0.0;0.0;0.0001;0.0;0.0;0.0;0.999516565822;0.999113697395;0.8659836011563069;0.945465677468;0.981264987615;0.978709884491;0.851063246237955;0.993095238095;0.984226190476;0.8814364415940613;0.902380952381;0.254666666667
98;12.0;unet;0.5;5.0;200.0;32.0;32.0;0.0;0.0;150.0;0.0;1e-08;0.0001;0.9;0.999;0.0;1e-08;0.0001;0.9;0.999;0.0;1e-08;0.0001;4.0;8.0;13.0;0.2;11.25;22.5;2000.0;1.0;0.2;mse;5.0;100.0;adam;10.0;0.0;0.0;0.0001;0.0;0.0;0.0;0.999677708144;0.999194281178;0.8679596576903688;0.950378845068;0.989024818482;0.984517704518;0.8508690148638304;0.993492063492;0.993700396825;0.8857509425148774;0.911805555556;0.277777777778
99;12.0;unet;0.5;5.0;200.0;32.0;32.0;0.0;0.0;150.0;0.0;1e-08;0.0001;0.9;0.999;0.0;1e-08;0.0001;0.9;0.999;0.0;1e-08;0.0001;4.0;9.0;13.0;0.2;11.25;22.5;2000.0;1.0;0.2;mse;5.0;100.0;adam;10.0;0.0;0.0;0.0001;0.0;0.0;0.0;0.999624009663;0.999489734614;0.8660096704405414;0.969573783922;0.984631012261;0.976276477146;0.8545807367528301;0.986885245902;0.993700396825;0.8777484428186599;0.952926587302;0.346666666667
