epoch;binary_crossentropy;loss;mean_absolute_error;mean_squared_error;val_binary_crossentropy;val_loss;val_mean_absolute_error;val_mean_squared_error
0;0.646528964259;0.0643691034692;0.208112123763;0.0643691014605;0.532874322413;0.0371967113617;0.164407320098;0.0371967116587
1;0.519579060728;0.0323341569459;0.151282973793;0.0323341564379;0.514733796318;0.0328882382989;0.149111024104;0.0328882401421
2;0.490893613116;0.0259691557143;0.133955213509;0.0259691560481;0.494571621137;0.0274605161736;0.134306204354;0.0274605171452
3;0.481869031547;0.0226937193472;0.123055239606;0.0226937186612;0.512141949808;0.0273163142265;0.132181219705;0.0273163141553
4;0.4745952722;0.0207862437836;0.116258234927;0.0207862436084;0.460845744194;0.0196556319541;0.112116600142;0.0196556312177
5;0.456171093637;0.0170230486612;0.103937274558;0.0170230488421;0.457557173032;0.0177035558413;0.103922578998;0.0177035552042
6;0.448771068787;0.015053664142;0.0960537295411;0.0150536640221;0.449527157105;0.0158623952567;0.0967686430511;0.0158623946998
7;0.446379176487;0.0140880258439;0.0912115005742;0.0140880254946;0.441928867147;0.0144893683254;0.0914134671912;0.0144893680052
8;0.446513867161;0.0137561323697;0.0887339149706;0.0137561325487;0.456920270607;0.0166006509549;0.0963882110345;0.016600651911
9;0.441710736086;0.013004845464;0.0853343569265;0.0130048450726;0.443408726197;0.0147906118234;0.0889733565661;0.0147906119398
10;0.436098087175;0.0116676752869;0.0796627192877;0.0116676755066;0.433971458495;0.0127772481159;0.0821778327722;0.0127772492174
11;0.431406890154;0.0108414189218;0.0757497254091;0.0108414187403;0.442607681681;0.0128882850339;0.0815046300025;0.01288828527
12;0.429551858577;0.0104727260454;0.0735734691326;0.0104727261368;0.427994905813;0.0113385746788;0.076040982111;0.0113385759102
13;0.426425525105;0.00977881316966;0.0701775528897;0.0097788129147;0.431621650441;0.0120165775394;0.0753383914319;0.0120165778725
14;0.424657215035;0.00936084609721;0.0678233717943;0.00936084576628;0.43101222125;0.0114070955119;0.0726583240139;0.0114070962978
15;0.436974730894;0.0110525080131;0.0729413727119;0.011052507986;0.44093864825;0.0137705575099;0.0833235146064;0.013770558286
16;0.429255652706;0.0100755948152;0.0693435579925;0.0100755948806;0.427061668563;0.0108166679375;0.0713043984434;0.0108166687234
17;0.424129418785;0.00908726033743;0.0650443059709;0.00908726043661;0.421856089495;0.00993537057204;0.0678626839589;0.00993536983474
18;0.434179267016;0.0101055110725;0.0676590287569;0.0101055110502;0.428999842698;0.010738799497;0.0697573166452;0.0107387990267
19;0.422885997388;0.00893430878372;0.0634991022383;0.00893430883791;0.424880298062;0.00988725251065;0.0664319281673;0.00988725283726
20;0.42021381389;0.00844724386035;0.0611433170252;0.00844724369707;0.420101455973;0.00915670960498;0.063621332182;0.00915670930176
21;0.418214966802;0.00801693971813;0.0589020320347;0.00801693987609;0.423727099266;0.0100640648452;0.0644335703303;0.0100640654564
22;0.418237489694;0.00803443018613;0.0586836205945;0.00803443013872;0.415763919437;0.00842322687003;0.0597402936473;0.0084232268298
23;0.41635772493;0.00759536535806;0.056381251214;0.0075953655465;0.418673054108;0.00872162878578;0.0599857673644;0.00872162883752
24;0.41577878822;0.0074659208293;0.0554882607251;0.00746592067376;0.420594611734;0.00933594424958;0.0605602471214;0.00933594466729
25;0.414403784507;0.00722299456911;0.0541704136811;0.00722299462765;0.422360219165;0.00946065271758;0.0600766428332;0.00946065289706
26;0.413860377197;0.0070923002057;0.0532857380691;0.00709230010023;0.431149938079;0.0113959121997;0.0630288255274;0.0113959118254
27;0.413482470032;0.0069955968402;0.0526597300869;0.00699559684456;0.412666170754;0.00783133914229;0.0558315368059;0.00783133936218
28;0.413256307082;0.00691767991097;0.0519096635301;0.00691767970269;0.413672928794;0.00790986481689;0.0557332032567;0.00790986492054
29;0.413073448252;0.00687509771122;0.051508369858;0.00687509773952;0.415908943551;0.00790647378987;0.0549661921363;0.00790647382382
30;0.412216178504;0.00671520713717;0.0505613267596;0.00671520730335;0.420585537274;0.00939150507472;0.0574769972022;0.00939150507008
31;0.411412513891;0.00658246644857;0.0497644472877;0.00658246651389;0.414624635337;0.0077850000493;0.0533675873238;0.00778500073324
32;0.411099955076;0.00651626075896;0.0492822690714;0.00651626075267;0.414092897676;0.00796919012213;0.0542260619047;0.00796918987925
33;0.411028725993;0.00643805396707;0.0487106171444;0.00643805410229;0.417582859285;0.0082701483431;0.0539470387286;0.00827014783216
34;0.410432627944;0.0063467243188;0.0480524330286;0.00634672432291;0.422503825933;0.00908331443831;0.0555192228295;0.00908331491635
35;0.418566006345;0.00792471703916;0.0555105729382;0.00792471706867;0.415487224029;0.00857934026216;0.0580805077787;0.0085793406114
36;0.41243561449;0.00671173936941;0.0500158803746;0.0067117394415;0.413565109834;0.00742107439953;0.0524124761431;0.00742107447998
37;0.411171096037;0.00641052643708;0.0482647839595;0.00641052652489;0.412392848585;0.00781731745034;0.0528775620559;0.00781731741962
38;0.410285289458;0.00628990496666;0.0473899383437;0.00628990490812;0.417104568394;0.00902530484898;0.0556177580574;0.0090253049681
39;0.414909757856;0.00704749271443;0.0506292009876;0.00704749284361;0.41881164598;0.00920370477898;0.0602892327071;0.00920370489863
40;0.41243866521;0.00679879667552;0.0499796100561;0.00679879664093;0.418763666949;0.00794873889102;0.0521633088514;0.00794873910606
41;0.409888902469;0.00625564111421;0.0469616993139;0.00625564114203;0.414775102089;0.00765213456341;0.0512657358647;0.00765213480271
42;0.41438678678;0.0071601951565;0.0514560991197;0.00716019506723;0.413750447704;0.00802502865312;0.0538577158066;0.00802502840405
43;0.410543338649;0.00634227611995;0.0473769453245;0.00634227621067;0.416945980448;0.0090575329151;0.0555961950837;0.0090575334519
44;0.409360912775;0.00609225765379;0.0459975539012;0.00609225772805;0.411187269066;0.00759991097799;0.0515548686351;0.00759991129823
45;0.410842072128;0.00618204323139;0.0461265500935;0.00618204328969;0.409275496275;0.00680092751443;0.0490514965107;0.00680092735274
46;0.40898632706;0.00593597286369;0.0448086785999;0.00593597283345;0.412079537331;0.00776573059387;0.0503933360534;0.00776573118175
47;0.409668326022;0.0060273470628;0.0452770050663;0.00602734717069;0.407984998698;0.00659029441724;0.048117980956;0.00659029436873
48;0.408244756336;0.00580613913135;0.0440491113686;0.00580613932125;0.4054150417;0.00628919017337;0.046817300439;0.00628919050444
49;0.40788271568;0.00574681865511;0.0436183426481;0.00574681861979;0.408883266461;0.00679311715875;0.0484240538337;0.00679311744009
50;0.407717334543;0.00568274235909;0.0430912905215;0.0056827424307;0.410425335466;0.00739994340196;0.0488775010496;0.00739994406255
51;0.407340542434;0.00564626353055;0.0428674757752;0.00564626363094;0.410463569996;0.00751876893628;0.0492689667994;0.0075187688134
52;0.407371126119;0.00561409113735;0.0426048551964;0.00561409129652;0.405142264509;0.00613751738298;0.0452706657004;0.00613751745879
53;0.41899659276;0.00812635089452;0.053283221023;0.00812635074769;0.431155333916;0.0134186027281;0.0820784795926;0.0134186029188
54;0.419225013333;0.00905574408203;0.0630557836573;0.00905574402034;0.412586583153;0.00849131749714;0.0580926565856;0.00849131762709
55;0.41053955106;0.00680869798261;0.051471189485;0.00680869818459;0.407184442609;0.00723373979337;0.0531517190264;0.00723373959449
56;0.408404234818;0.00625759982589;0.0481027120526;0.00625759978718;0.406680655044;0.00694126928801;0.051330895717;0.00694126910081
57;0.407500381067;0.00602295681109;0.0463417147777;0.00602295676512;0.40498034625;0.00658330263751;0.0494396777358;0.00658330265368
58;0.406876407629;0.00585478625805;0.0450703590199;0.00585478627837;0.404392242927;0.00639545851916;0.0479701156558;0.00639545807207
59;0.406562868914;0.00577714286769;0.044453002048;0.00577714293058;0.404596483749;0.00654460389018;0.0479848114386;0.00654460396779
60;0.406062460488;0.00563477002205;0.0434677091202;0.00563476990352;0.404974684763;0.00662131954999;0.0476714067928;0.00662131960259
61;0.405881697992;0.00559852486888;0.0429627874319;0.00559852469205;0.404661287968;0.00656616553897;0.0475131950548;0.00656616566509
62;0.405879429765;0.0055923518149;0.042834951955;0.0055923517462;0.404472576918;0.0062752847569;0.0465123648461;0.00627528497813
63;0.405555764731;0.00548370402137;0.0421762662255;0.00548370410265;0.404923367107;0.00650662763575;0.0472887275068;0.00650662832615
64;0.405468411987;0.00545960542153;0.0420234378224;0.00545960531316;0.403073388576;0.0060889299501;0.0452233752316;0.00608893003055
65;0.405409284938;0.00546256602996;0.042031557171;0.00546256613156;0.403396749145;0.00606952214083;0.045397341122;0.00606952245936
66;0.405033912148;0.00535601485763;0.0411475793746;0.00535601478433;0.403250302191;0.00603439909811;0.0448417058741;0.00603439929149
67;0.405046127833;0.00535730481269;0.0411169084539;0.00535730476431;0.402657442623;0.00583479763817;0.0437427612358;0.00583479756703
68;0.40489072456;0.00530261589069;0.0408222854776;0.00530261572862;0.402553284386;0.00575439278903;0.0437501623633;0.00575439256006
69;0.404903127048;0.00530832560298;0.0407808313741;0.00530832566901;0.403077263902;0.0059653323826;0.0444338087432;0.00596533271892
70;0.404658054237;0.0052352640086;0.0402470825593;0.00523526395562;0.40314162223;0.0059266418197;0.0441887056535;0.00592664198368
71;0.404535478818;0.00519952065541;0.0399874265937;0.00519952054123;0.403176758542;0.00599635647894;0.0442581336764;0.00599635630917
72;0.404653954475;0.00524262327314;0.0400688568919;0.00524262328886;0.402632463909;0.00596201007542;0.0440548473839;0.00596201037555
73;0.404455450727;0.00516975804293;0.0398549940505;0.00516975790504;0.402739190186;0.00593263600927;0.0437243222906;0.00593263626797
74;0.40447794021;0.00516907186211;0.0398356877867;0.00516907196419;0.402722903957;0.0058563183529;0.0433274562597;0.00585631874275
75;0.40439595961;0.00516531604572;0.0395793753011;0.005165316015;0.401889111536;0.00550516130978;0.0420782483804;0.00550516133242
76;0.404272214376;0.00511884282476;0.039332846854;0.00511884271252;0.401790098395;0.00560549137637;0.042244834745;0.00560549135626
77;0.404233036273;0.00510503473873;0.039199395352;0.00510503454763;0.402061583785;0.00564866583025;0.0425183821159;0.00564866590786
78;0.404246483824;0.00511771393238;0.0391809874618;0.00511771396069;0.40210142098;0.005635032585;0.0425400972441;0.00563503290988
79;0.404078545323;0.00506543298385;0.038869938057;0.00506543296039;0.401979806729;0.00561574810773;0.0424899802828;0.00561574816432
80;0.404019849146;0.00504072490813;0.0387157107522;0.00504072478743;0.402450906577;0.00566440181299;0.0422695229245;0.00566440180526
81;0.403867061107;0.0049800655345;0.0383844163801;0.00498006566367;0.401341673608;0.00550370286995;0.041785966799;0.00550370283761
82;0.403879496401;0.00500110385794;0.0383832808748;0.0050011037965;0.401891471738;0.00552832090645;0.0417860110238;0.00552832098071
83;0.403805928215;0.00496183115965;0.0382363972706;0.004961831149;0.401360546653;0.00547460762351;0.041351892261;0.00547460788544
84;0.40384459847;0.00497944761551;0.0382445188273;0.00497944757367;0.401132783818;0.00541958669386;0.0415525568705;0.00541958699708
85;0.403781306155;0.00497405112612;0.0380119137795;0.00497405093816;0.401285854996;0.00539576982394;0.0412007841385;0.00539576967357
86;0.403659221089;0.00490101879535;0.0378651469443;0.00490101889356;0.400960155995;0.00538674431027;0.0410433436598;0.00538674415556
87;0.403657836961;0.00491834403245;0.0377020526455;0.00491834406608;0.402127751977;0.00557377692247;0.0412478021915;0.00557377719411
88;0.403449901451;0.00485140741984;0.0372927996961;0.00485140753257;0.401505936123;0.0055915655559;0.0414113031818;0.00559156560385
89;0.40353570695;0.00487469415604;0.0374795166761;0.00487469412532;0.401643196742;0.00547911452951;0.0409113958788;0.00547911452466
90;0.403443629587;0.00484776200993;0.0372779843347;0.00484776215096;0.401838772915;0.00557939578436;0.0413204009747;0.00557939563275
91;0.403399709339;0.00483350231058;0.0371796246879;0.00483350228978;0.401111043783;0.0054173967413;0.0405990888184;0.00541739668794
92;0.403411501058;0.00482381541983;0.0371826329866;0.0048238153642;0.400819512004;0.0052389624541;0.0400585762018;0.00523896285788
93;0.403308259187;0.00478515054716;0.0369705280855;0.00478515057716;0.401291942431;0.00546841422005;0.0406233618269;0.00546841432353
94;0.403945646642;0.00500301129656;0.0383454099917;0.00500301121746;0.402044719042;0.0057284782093;0.0432464361711;0.00572847876159
95;0.403836621634;0.0049815334953;0.0382083868806;0.00498153338717;0.401156760959;0.00534733581622;0.0406757736604;0.00534733615415
96;0.403277214936;0.00478144207316;0.0369112602766;0.00478144217887;0.400194744236;0.00522186883889;0.0397122686735;0.00522186871513
97;0.40316181703;0.00474343903435;0.0366090237727;0.00474343915676;0.400768966414;0.00528590820452;0.039916673701;0.00528590854891
98;0.403113589751;0.0047258852525;0.0364480622655;0.00472588527694;0.400404526051;0.00513504240105;0.0395195871542;0.00513504225253
99;0.403087117935;0.00471495826233;0.0363603304772;0.00471495819193;0.400383190252;0.00517982650328;0.0391125242459;0.00517982647903
100;0.403081907514;0.0047224515887;0.0362988083142;0.00472245159353;0.400019905892;0.00515997457779;0.03940176569;0.00515997453293
101;0.402846184288;0.00464007700636;0.0359174100319;0.00464007713989;0.400857685858;0.00513248463459;0.0391700463758;0.00513248467339
102;0.402950769647;0.0046688992235;0.0360034278229;0.00466889933369;0.400206392192;0.00511821777563;0.0390258709903;0.00511821799686
103;0.40292435242;0.00465982146972;0.0359814998933;0.00465982150746;0.400408443374;0.00517068632083;0.0395081680682;0.00517068603949
104;0.40287964358;0.00465697217225;0.0357912531708;0.00465697211371;0.400610037222;0.0051310248379;0.0392934043715;0.00513102472187
105;0.402723429141;0.00458543696562;0.0355467315115;0.00458543701787;0.401604955292;0.00534421939422;0.0391185086014;0.0053442196982
106;0.40261096318;0.00455678464893;0.035261116769;0.00455678457564;0.400106827286;0.00506713661285;0.0386577302163;0.00506713694701
107;0.402590995516;0.00455264728057;0.0352420400567;0.00455264737576;0.400039630839;0.00498702230753;0.0382709305656;0.00498702259776
108;0.402614229561;0.0045501817192;0.0353030437328;0.00455018162062;0.399909494327;0.00489372006645;0.0377886276383;0.0048937206961
109;0.402494911668;0.00451311062731;0.0349889837709;0.00451311069214;0.40036588721;0.00512611473742;0.038732607034;0.00512611470347
110;0.402563389184;0.00453601154704;0.0351285701739;0.00453601151052;0.399800560997;0.00500374115335;0.0381372681265;0.00500374108683
111;0.402518110678;0.00452647506779;0.0349437855861;0.00452647507699;0.400422205321;0.00517392254228;0.0388327953664;0.00517392249862
112;0.402533587434;0.00452887550262;0.0350265992404;0.00452887567292;0.400287470647;0.0050776433014;0.0381449081647;0.0050776436139
113;0.402361142388;0.00445248219281;0.0347331869931;0.00445248216645;0.400692244267;0.00523159230781;0.0386663205378;0.00523159260047
114;0.402391106788;0.0044757591754;0.0347093550609;0.00447575922414;0.399449375678;0.00482345244807;0.0373659938747;0.00482345285649
115;0.402339958758;0.00445056706062;0.0346320183865;0.00445056699059;0.40066206538;0.00503490634178;0.0382034269989;0.00503490660534
116;0.402350748932;0.00445334170969;0.034601738631;0.0044533416953;0.399868303458;0.00501546045406;0.0378433957547;0.00501546071551
117;0.402148784322;0.00438384703445;0.0342911988381;0.00438384711222;0.399846234773;0.00482141531797;0.0374748552115;0.00482141580627
118;0.402104995142;0.00436186408031;0.0341418354523;0.00436186398355;0.400278253017;0.00496000011739;0.0377395976817;0.0049600001932
119;0.402150202107;0.0043794455251;0.0342145894352;0.00437944551434;0.400211319845;0.00501146816047;0.0382316089753;0.00501146822191
120;0.402065602727;0.00435431259116;0.03401227122;0.00435431263313;0.400655902402;0.00504488056445;0.0380774544447;0.00504488014056
121;0.402172011106;0.00440774151644;0.0341726045872;0.00440774145887;0.400695206804;0.00518175623276;0.0384472491246;0.00518175633705
122;0.402093711875;0.00435687761536;0.0340773282132;0.00435687744385;0.398900600763;0.00469478553136;0.0369383698435;0.00469478588718
123;0.401902537114;0.00429526381449;0.0336517893029;0.00429526386964;0.399983417036;0.00492834327451;0.0372974384033;0.00492834350896
124;0.401808273699;0.00424117891408;0.0335631222152;0.00424117893634;0.399854234188;0.00492266789574;0.0371134117914;0.00492266810614
125;0.401937494216;0.00431132473741;0.0337263010965;0.00431132468903;0.400053087518;0.00503827311331;0.0376511742749;0.00503827298881
126;0.401888786585;0.00428760125483;0.0336815477753;0.00428760124383;0.399350834942;0.00473938472383;0.0366220318425;0.00473938483058
127;0.401858153916;0.00428291130992;0.0335623582433;0.0042829112919;0.399203931499;0.00469973272912;0.0365561599222;0.00469973312041
128;0.401751768759;0.00423203914245;0.0333975871101;0.00423203920244;0.399921852885;0.00488852194829;0.0372343610638;0.00488852199934
129;0.401949298181;0.00430928780939;0.0337785982892;0.00430928788184;0.399651304198;0.00483339091039;0.0371083817445;0.00483339080852
130;0.401900088756;0.00429065928165;0.0335728346469;0.00429065929036;0.399070352811;0.0046970191407;0.0367964484862;0.0046970192343
131;0.401701591882;0.0042274460488;0.0331258569629;0.00422744607916;0.400536766483;0.00507946222367;0.0379431221324;0.00507946228188
132;0.401635152318;0.0041849326779;0.0330938247911;0.00418493261706;0.398813736597;0.00462430702798;0.0363389981843;0.00462430688874
133;0.40157134392;0.0041641572015;0.0329494048568;0.00416415717259;0.399566121296;0.00480528143089;0.0366222800997;0.0048052813646
134;0.401581334294;0.00417039102064;0.0330478450888;0.00417039091554;0.399011891249;0.00459681057288;0.0359750321859;0.0045968106773
135;0.401515683632;0.0041404596386;0.0329022273866;0.00414045966642;0.399389555885;0.00462241744713;0.0359795913359;0.00462241752636
136;0.401619031321;0.00419622744881;0.0329089914872;0.00419622759008;0.400338437272;0.00500170022491;0.0370461372318;0.00500170042138
137;0.401613962604;0.004185230294;0.0328590333636;0.00418523029956;0.399701082562;0.00478956047704;0.0368856493151;0.00478956073736
138;0.401692043419;0.00420161608498;0.0332399369921;0.00420161620532;0.399606452531;0.00484247858314;0.036600071875;0.0048424786164
139;0.401768615834;0.00423797940787;0.0333849907347;0.00423797945698;0.399424014199;0.00482671915314;0.0371275146414;0.00482671913374
140;0.401538015031;0.004157026738;0.0328168218641;0.00415702678965;0.398416762435;0.00448782871357;0.0357319984053;0.00448782882418
141;0.401263787793;0.00405040254236;0.0322643137501;0.00405040249325;0.398992044955;0.0045117245641;0.0358433638208;0.00451172480017
142;0.401283430867;0.00405831034694;0.0323113547149;0.00405831030207;0.398441388163;0.00441925883126;0.0351165053729;0.00441925920642
143;0.401124318436;0.00400195230174;0.0318823702808;0.00400195224864;0.398311061474;0.00443301143403;0.0352953188639;0.00443301134995
144;0.401250930436;0.00404295568729;0.0321564462471;0.0040429557283;0.39929916623;0.00458274898738;0.0355696365411;0.00458274913977
145;0.40132994305;0.00407579261822;0.0322962194865;0.00407579266188;0.399065390643;0.00465426215507;0.0357218597912;0.00465426211304
146;0.401171687145;0.00401106145233;0.0320027019006;0.0040110613875;0.398643817121;0.00457294171899;0.0353021647694;0.00457294146991
147;0.401247206106;0.0040348074284;0.032145369287;0.0040348073562;0.398602316673;0.00446096636087;0.0354092831387;0.00446096641584
148;0.402050131761;0.00430557161037;0.0338990515877;0.00430557164605;0.399303344397;0.00472805095818;0.0373304545681;0.00472805070988
149;0.401616642351;0.00415175706354;0.0330249860205;0.00415175706051;0.399019291624;0.00454702785969;0.0358918905646;0.00454702771175
150;0.401159148061;0.00399819549463;0.032048789285;0.00399819551229;0.399354812315;0.00466887095318;0.0362076567009;0.0046688709176
151;0.401136372167;0.0039945750813;0.0319623723936;0.00399457514661;0.39867170569;0.00440994694832;0.0347755681465;0.00440994670579
152;0.400998665977;0.00394632830393;0.0316116925764;0.00394632827019;0.398678023653;0.00443334818858;0.0347214380892;0.00443334839898
153;0.400927740428;0.00391407772221;0.0315482762262;0.0039140777227;0.398350509298;0.00437791337269;0.0347192581329;0.00437791356591
154;0.400864713331;0.00389877692155;0.0313449619585;0.00389877695687;0.398811672217;0.00459948482465;0.0354246569185;0.00459948482311
155;0.400908579981;0.00391343701776;0.0313873350117;0.00391343699127;0.398402514661;0.00429258912239;0.0351339600359;0.00429258888633
156;0.400878825497;0.00389723331474;0.0313969799692;0.00389723326817;0.398603243883;0.0045745271255;0.0352026540972;0.00457452713633
157;0.400677619213;0.00383061051236;0.0309896358954;0.00383061047789;0.398644115776;0.00445791069958;0.0347824997346;0.00445791065997
158;0.400758432785;0.00385488897719;0.0310971694459;0.00385488894175;0.398892998497;0.00448950427194;0.0351465977976;0.00448950401514
159;0.400682161396;0.00382823278499;0.0309938502979;0.00382823263561;0.397838215344;0.00427276035205;0.0343367121984;0.00427276037226
160;0.400686285248;0.00382406911716;0.0310368560526;0.00382406902112;0.398428517917;0.00448242012888;0.0350870334874;0.0044824203153
161;0.400814326553;0.00387576431266;0.0312217397669;0.00387576420816;0.398940517671;0.00458936641209;0.0351953933326;0.00458936603294
162;0.400906461957;0.00389866152851;0.0314937784823;0.00389866154351;0.399131222124;0.00460940871335;0.0355058273554;0.00460940859732
163;0.400718758772;0.00383708904074;0.0311106114835;0.00383708909747;0.39861999628;0.00438379512666;0.0346351473644;0.00438379511939
164;0.40051931759;0.0037488748923;0.0306695222797;0.00374887484646;0.397718876402;0.00418568552206;0.0335230932778;0.00418568567367
165;0.400486492755;0.00374255496029;0.0305315322119;0.00374255501726;0.398549850099;0.00437496177134;0.0348820781478;0.00437496171879
166;0.400487137476;0.0037514674031;0.0305159242645;0.00375146742995;0.398105834311;0.00419974662023;0.0338969068398;0.00419974668134
167;0.400426789243;0.00372381493183;0.0304384789055;0.003723814908;0.39779962175;0.00427560930418;0.0339557841653;0.00427560944485
168;0.400508662694;0.00375379864005;0.0306241464673;0.00375379862675;0.398339826007;0.00425154006765;0.0343306737386;0.00425154006378
169;0.400519205734;0.00374993868704;0.0307003299089;0.00374993873712;0.39814467873;0.0043024607504;0.0344391454968;0.00430246054505
170;0.400550156429;0.00377276009348;0.0306753600621;0.00377276008235;0.397821152824;0.00424562573612;0.034129880443;0.0042456255791
171;0.4004666297;0.00372451388979;0.0305493273615;0.00372451377125;0.398090097018;0.0042560231555;0.0338927609329;0.00425602336731
172;0.400314690324;0.00367780574755;0.0302472670589;0.00367780571054;0.397263956327;0.00411431401182;0.0331990011779;0.00411431409381
173;0.400310673172;0.00367895630962;0.0301727521245;0.00367895630116;0.398950329568;0.00445225556743;0.0345674461633;0.00445225575903
174;0.400295509115;0.00366563813011;0.0301850703039;0.00366563808826;0.398198328541;0.004306250948;0.0344812804431;0.004306250948
175;0.400275901881;0.00365981958081;0.0301109785509;0.00365981957428;0.398312163539;0.00432997964041;0.0339041980915;0.00432997956684
176;0.400185739174;0.00361966873495;0.0299101899051;0.00361966876579;0.398149774815;0.00423575578291;0.0339092145182;0.00423575590513
177;0.400143000476;0.0036016132535;0.0298554427177;0.00360161326354;0.398226765088;0.00428260432495;0.0341209871824;0.00428260442115
178;0.400247704487;0.00363772066612;0.0301993568967;0.00363772069515;0.39825842735;0.00422964383851;0.0335124145042;0.00422964385166
179;0.400297268258;0.00365976138935;0.0301938280212;0.00365976146011;0.397780329713;0.00418940245517;0.0339210159663;0.00418940227569
180;0.400040574012;0.003560219712;0.0297916662364;0.00356021957121;0.397535623209;0.00411601719428;0.0337432604716;0.00411601716102
181;0.400214665989;0.00362361677185;0.0300312861597;0.00362361668899;0.397740614083;0.0041789398181;0.0337952600352;0.00417894005417
182;0.400237393503;0.00362831553094;0.0301655758743;0.00362831550227;0.397754315621;0.00424892988143;0.0341700574884;0.0042489298706
183;0.400035475059;0.00355007243439;0.0297971201272;0.00355007254579;0.398121379937;0.00416928131825;0.0334397832436;0.00416928135302
184;0.399935102509;0.0035204315725;0.0295169860444;0.00352043165402;0.397587884997;0.00404571283042;0.0331976969179;0.00404571287142
185;0.399979063133;0.00352475383549;0.0296282632978;0.0035247537911;0.398019795616;0.00416928218652;0.0333333038337;0.0041692821946
186;0.400040319601;0.0035694766497;0.0296533624973;0.00356947667244;0.397287892642;0.00406555512895;0.0331179061379;0.00406555479788
187;0.399905388897;0.00351066798141;0.0295104063302;0.00351066796411;0.397663674214;0.00408658813831;0.0333209159499;0.00408658835497
188;0.399732275396;0.00344018910455;0.0290920105209;0.00344018916031;0.397127558821;0.00401549557753;0.0328618362113;0.004015495412
189;0.399934212031;0.00350798595672;0.0294611782958;0.00350798596193;0.396675999173;0.00390696140352;0.0324632159188;0.00390696170507
190;0.399823806193;0.00347266121731;0.0292819977126;0.00347266131419;0.397813244416;0.00420655883567;0.0338085317718;0.00420655890993
191;0.399902541034;0.00349794406649;0.0294288141726;0.00349794415019;0.397225968126;0.0041479148826;0.033573655625;0.00414791445494
192;0.399673294603;0.00341478827276;0.029003985738;0.00341478830651;0.396983202708;0.00390183779974;0.0322600296046;0.00390183791809
193;0.399840851295;0.00348109696036;0.029210274175;0.00348109701286;0.397543519942;0.00404075551584;0.0328464960265;0.00404075546491
194;0.399735792767;0.00343474576238;0.0291209825477;0.00343474572524;0.398099304038;0.00419554012391;0.0333771378334;0.00419554017729
195;0.399545442253;0.00337359896099;0.0287808289795;0.00337359897732;0.397762149262;0.00399717377149;0.0327430121575;0.00399717398897
196;0.399737433396;0.00344039351002;0.029039230814;0.00344039346853;0.397433423422;0.00397108472262;0.0325508319411;0.00397108490362
197;0.399657616832;0.00340660135467;0.0288539965993;0.00340660133895;0.397665159673;0.00407931944291;0.0330680402048;0.00407931959409
198;0.399817886523;0.00343867379821;0.0292039027471;0.0034386737918;0.400378858231;0.00466150985536;0.0387576902997;0.00466150987237
199;0.400459160805;0.00361546809301;0.0306075331385;0.00361546819026;0.397447035027;0.00399646217718;0.0330981067123;0.00399646240031
200;0.399943438227;0.00348712030157;0.0295441241756;0.00348712025488;0.396942081047;0.00397034624879;0.0326964173874;0.00397034634239
201;0.399545647819;0.00334145731486;0.0286762790479;0.00334145737667;0.397449594922;0.00409491399559;0.0330754983265;0.00409491428743
202;0.399512419763;0.00333740188861;0.0286902538977;0.00333740187337;0.396886292783;0.00386612020832;0.0322307723689;0.00386612037153
203;0.399583429826;0.00336474837651;0.0287091416488;0.00336474845561;0.39709263833;0.00391374629948;0.0327968801786;0.00391374637386
204;0.399614542583;0.00338056599891;0.0287108634877;0.00338056601463;0.397192555112;0.00389759469564;0.0324239174764;0.00389759501356
205;0.399394740253;0.00329445528072;0.0283448607446;0.00329445534676;0.397140312422;0.00401859704693;0.0332903802951;0.00401859717224
206;0.39934349605;0.00327661757878;0.0282811380033;0.00327661766477;0.396957969646;0.00380120292055;0.0320161835127;0.00380120294299
207;0.399494736102;0.00334097796604;0.0285740900891;0.00334097793217;0.39744990764;0.00405352513674;0.0330565804228;0.00405352505913
208;0.399339209826;0.00325995532639;0.0283081385629;0.00325995533352;0.397880803707;0.00414960357466;0.0331109552722;0.00414960368991
209;0.399297162356;0.00325812741328;0.0282502943461;0.00325812741461;0.397177672841;0.003861308477;0.0324236199894;0.00386130870174
210;0.399257062317;0.00324114669925;0.0282025027072;0.00324114665425;0.397017693698;0.00392801315521;0.0323481129984;0.00392801345843
211;0.399211218404;0.00323379898625;0.028019590192;0.00323379897488;0.397158746297;0.00388389435345;0.0320837697946;0.00388389423541
212;0.399278086749;0.00325785210042;0.02815076858;0.00325785211578;0.397120466165;0.00382415722882;0.0316183290559;0.0038241574137
213;0.399145840344;0.00320718601237;0.0279657384173;0.00320718597959;0.396571553002;0.00379305195464;0.031987658663;0.00379305205893
214;0.399096096986;0.00318860479062;0.0278613708662;0.00318860484747;0.39728208604;0.00395518530352;0.032601161894;0.00395518534142
215;0.399064835109;0.00317310964568;0.0278624988454;0.00317310968607;0.396812453245;0.00372902506206;0.0314928931507;0.00372902505478
216;0.399230393698;0.0032364737996;0.0280855174953;0.0032364738227;0.396534005075;0.00372516056616;0.0313885852855;0.00372516057776
217;0.399304500013;0.00327111485874;0.0282009667603;0.00327111477419;0.397029514631;0.00384919955347;0.0321538579689;0.00384919978791
218;0.399183165841;0.00321752732499;0.0278951331005;0.00321752732801;0.396973163583;0.00386974491346;0.031810255814;0.00386974499545
219;0.399162541999;0.00320760079901;0.0279029441286;0.00320760087304;0.396907085449;0.00376688908566;0.0320692280721;0.00376688896843
220;0.399070730163;0.00317813737959;0.0276717358392;0.00317813740838;0.396443081457;0.00369884032196;0.0311549942619;0.00369884011698
221;0.39895336676;0.00312330816425;0.0275016041439;0.00312330819304;0.396772879797;0.00370905058905;0.0315662906246;0.00370905075154
222;0.399067961427;0.00317242330872;0.0277057623786;0.00317242328646;0.396806097308;0.00375054618251;0.0318996211409;0.00375054604018
223;0.399063115166;0.00315545890287;0.0277787457136;0.00315545891811;0.397311012261;0.00387268772869;0.0320258137266;0.00387268807471
224;0.398991798766;0.00314129789686;0.0276334540469;0.00314129796617;0.396708299254;0.00381079122139;0.031592637121;0.00381079148401
225;0.398902820612;0.00310107612571;0.0274390474562;0.00310107611035;0.396778872133;0.00379135080827;0.0313571501562;0.00379135087375
226;0.398796159199;0.00306139298037;0.0272733239965;0.00306139305415;0.396633097599;0.00370923416887;0.0316401216947;0.00370923445043
227;0.39896885378;0.00312958969783;0.0275433155265;0.0031295897883;0.397021540234;0.00375402276647;0.0315300949345;0.00375402302355
228;0.398742899275;0.00303517709438;0.0271534323508;0.00303517706741;0.396028771452;0.00369367140355;0.0312205772921;0.00369367138343
229;0.398826964629;0.00306623092998;0.0272913244667;0.00306623085075;0.396948622643;0.00389647119704;0.0320122950943;0.00389647103616
230;0.398902031601;0.00310558279505;0.0275195028991;0.00310558285189;0.396532721397;0.00364289369026;0.0312112713437;0.00364289356417
231;0.398708755645;0.00302193656007;0.0270953953063;0.00302193664643;0.396659518592;0.00372303180484;0.0314081301589;0.00372303213226
232;0.398734089152;0.00304055789244;0.0271132538777;0.00304055797468;0.396482409433;0.0037891293452;0.0314681409267;0.00378912928796
233;0.398741812691;0.00304283436013;0.0270667235998;0.00304283431187;0.396121524378;0.00355380558257;0.0304413996119;0.00355380568928
234;0.398494436276;0.00294225807302;0.0266852012567;0.00294225802427;0.396618737731;0.00371664077464;0.0315350710083;0.00371664070735
235;0.3985931503;0.00297631382374;0.0269540692788;0.00297631373363;0.396819933421;0.00368217047556;0.0313724082144;0.00368217039391
236;0.398703603636;0.00301965511997;0.0270283778621;0.00301965498946;0.396828547764;0.00362895345284;0.0309440780468;0.00362895340411
237;0.398636203292;0.00299699303283;0.0268844797007;0.00299699303174;0.397062486762;0.00375581091632;0.0315028709851;0.00375581088802
238;0.398572190613;0.00296840491148;0.0267644891288;0.00296840497873;0.396063748685;0.00362531009882;0.0310571152234;0.00362531024966
239;0.398585178929;0.00297790688934;0.0268200384487;0.00297790691789;0.396470499535;0.00362020965662;0.0308756925256;0.00362020935588
240;0.39862980341;0.00299316377427;0.026862873286;0.0029931638229;0.396267411123;0.00355715492193;0.030687693952;0.00355715496215
241;0.398631488642;0.00298536246038;0.0269300128026;0.00298536246437;0.39721944804;0.00378349919386;0.0318654966929;0.00378349934181
242;0.398494473525;0.00294691247104;0.0265760562908;0.00294691257324;0.396876615642;0.00375121160707;0.0312901198418;0.00375121156376
243;0.398387254771;0.0028983450222;0.0264758875231;0.00289834509174;0.396473127831;0.00360748121764;0.031209855625;0.00360748124189
244;0.398535434844;0.00295605768607;0.026670480626;0.00295605775828;0.396414638853;0.00360362314731;0.0306001796737;0.00360362301271
245;0.398420958968;0.00290410409742;0.0264789351405;0.00290410414919;0.396343128549;0.00360875253601;0.0308184661812;0.00360875257158
246;0.39831656021;0.00286444573808;0.0263492992985;0.00286444578344;0.396253662846;0.00344845767371;0.0300257744336;0.00344845752829
247;0.398467561966;0.00292408131825;0.0265436402776;0.00292408136433;0.396284286347;0.00354547987647;0.0308042547872;0.00354548008505
248;0.398455663331;0.00292947979801;0.0266075924368;0.00292947976777;0.39594350572;0.00356548035168;0.0306831825017;0.00356548040892
249;0.398398841573;0.002886165615;0.0265259693815;0.00288616566133;0.396435568523;0.0037234807387;0.0311205144648;0.00372348069504
250;0.398304469415;0.00285877725787;0.0262876697465;0.00285877725992;0.395946859719;0.00356570438813;0.0306803156557;0.00356570436106
251;0.398341092103;0.00288478407428;0.0262943890101;0.00288478409146;0.397253628199;0.00391826899269;0.0314237182093;0.00391826898946
252;0.398358837939;0.00287893550652;0.026336998805;0.00287893557594;0.3958573979;0.00346099923711;0.0301736768248;0.00346099933148
253;0.398345181957;0.0028814280506;0.0262919609065;0.00288142807358;0.396113788606;0.00355852725059;0.0304775317652;0.00355852724493
254;0.398301171962;0.00285509992294;0.0263086232543;0.00285509996056;0.396521722161;0.00365266448623;0.0312106730695;0.00365266474072
255;0.398060808476;0.00276256499195;0.0257975097523;0.00276256492652;0.396225309517;0.00350992934222;0.0305194958023;0.0035099293115
256;0.39838830262;0.00289705887231;0.026369440006;0.00289705897149;0.396006682584;0.00355425264232;0.0303861619564;0.00355425256187
257;0.398205865838;0.00282313026512;0.0261731911335;0.00282313029052;0.396670906391;0.00373001063902;0.0310615046571;0.00373001068349
258;0.39820974545;0.00282416509948;0.0260929176763;0.00282416509779;0.396074422867;0.00356073406807;0.0303332796351;0.00356073404177
259;0.398183012318;0.00281126710623;0.0259980415853;0.0028112670954;0.395743059822;0.00331964884228;0.0296132906288;0.00331964893889
260;0.398131141105;0.00279360419877;0.02593260143;0.00279360405472;0.39596240564;0.003433096368;0.0301520729753;0.00343309650105
261;0.397988492142;0.00274367342836;0.0256580291969;0.00274367346289;0.396456413385;0.00362211583221;0.0305111059958;0.00362211582574
262;0.398142735989;0.00279798089285;0.0258936179449;0.00279798080195;0.396350217321;0.00360047178764;0.0306428091607;0.00360047190521
263;0.398132683751;0.00279761534789;0.0258708914776;0.00279761539712;0.396046825478;0.00340869596726;0.0296999759416;0.00340869595432
264;0.397820881218;0.00266737948541;0.0254714171801;0.00266737942245;0.396056472661;0.00344562751823;0.0301503089328;0.00344562769459
265;0.398190406731;0.00281701445428;0.026000092406;0.00281701445023;0.396199642888;0.00352538650299;0.0304281412326;0.00352538652725
266;0.398131847722;0.00279449067145;0.0258987934065;0.00279449069552;0.396277349752;0.0035014743762;0.0304349553323;0.00350147440791
267;0.398052083533;0.00275895085222;0.0258110635737;0.00275895094305;0.39510410755;0.00331774330536;0.0297887073054;0.00331774338055
268;0.398074696761;0.00276176006533;0.0257318046757;0.00276176009775;0.395925672842;0.00348349678658;0.0303256576912;0.00348349673398
269;0.397924795259;0.00271250154775;0.0255023274348;0.00271250156577;0.395362447016;0.00338776905038;0.0296855977374;0.0033877689663
270;0.397899012798;0.00269644903696;0.0254610404324;0.00269644910778;0.396509711529;0.0034224553849;0.0296798257213;0.00342245543209
271;0.39774002566;0.00263808041666;0.0252113419384;0.00263808044774;0.395620748608;0.0033633818554;0.0298702785512;0.00336338201628
272;0.397724026689;0.00263549674472;0.0251386406776;0.00263549672754;0.395645276257;0.00333600004971;0.029702962503;0.00333600004584
273;0.397878906975;0.00268899465173;0.0254509296259;0.00268899463262;0.395852548691;0.00334686985944;0.0298948554878;0.00334686993625
274;0.397761916356;0.00263723303915;0.0252971839673;0.00263723310289;0.3953847298;0.00322253931085;0.0288821815442;0.00322253942378
275;0.397896055525;0.0026769385586;0.0254469848298;0.00267693857874;0.396049614685;0.00353791016419;0.0302793545416;0.0035379102127
276;0.397806955638;0.00265741978318;0.0253002766055;0.00265741985987;0.395893357818;0.00340635744712;0.029623118189;0.00340635735662
277;0.39790366871;0.00270159374457;0.0254591763755;0.00270159378134;0.395907939205;0.00352936360529;0.0303285618946;0.00352936364248
278;0.397692823193;0.00261568136084;0.0250886270104;0.00261568136834;0.39576075887;0.00333636789737;0.0292234125847;0.00333636806987
279;0.397748450784;0.00263789322536;0.0251606704575;0.00263789326128;0.39538218112;0.00323902556152;0.0292212225031;0.00323902575635
280;0.397833812903;0.0026727727067;0.0252308262643;0.00267277267254;0.395923759751;0.00336641825943;0.0294366627746;0.00336641804284
281;0.397697939145;0.00261254569407;0.0250491154136;0.00261254574015;0.396012469816;0.00327068603009;0.0294506119034;0.00327068586679
282;0.397651634789;0.00259925116797;0.0250796951712;0.00259925118859;0.39621348882;0.00346531711544;0.0295201030334;0.0034653172276
283;0.397814415337;0.00266223223953;0.0251963489541;0.00266223228748;0.39568841923;0.00335382723602;0.0296409758739;0.00335382718347
284;0.397756118759;0.00264175377859;0.0251894475104;0.00264175372271;0.395539723361;0.00329749894319;0.0292107552983;0.00329749908475
285;0.397643207033;0.00259578761917;0.0249783062035;0.00259578761614;0.395710541867;0.00323741936477;0.0295146723963;0.00323741923542
286;0.397751406214;0.00263603146176;0.0251250420956;0.0026360314952;0.395463569517;0.00338371010788;0.0294050587855;0.00338371010479
287;0.397404998433;0.0025059463062;0.0245066254286;0.00250594638022;0.395439257535;0.00316829821451;0.029052053727;0.00316829822502
288;0.397619501012;0.00259271221374;0.0248857867205;0.00259271226714;0.396051261116;0.00340526581717;0.0297511595478;0.00340526569031
289;0.397480067293;0.00253614467932;0.0245989927824;0.00253614465845;0.395618872303;0.00348288267883;0.02970696522;0.0034828825034
290;0.39747347423;0.00252859242067;0.0245694182116;0.00252859237882;0.395492707574;0.00318691540166;0.0287872776513;0.00318691521524
291;0.397619273012;0.00257824254458;0.0249257633051;0.00257824250146;0.395267005078;0.00329135129222;0.0288843645507;0.00329135113781
292;0.397494184305;0.00254152552261;0.0246116756909;0.00254152554783;0.395786870952;0.0033207989222;0.0290884408184;0.00332079907845
293;0.397485534185;0.0025313724875;0.024585626911;0.00253137240598;0.396009435463;0.00339201073237;0.0293948067443;0.00339201084959
294;0.397495017594;0.0025335700279;0.0247128699255;0.00253356997166;0.395997121089;0.00339445342972;0.0294202298693;0.00339445327192
295;0.39761735622;0.00258288863478;0.024821179364;0.0025828886574;0.395674907706;0.00342208009776;0.0295425977868;0.00342207997649
296;0.397573881923;0.0025723037117;0.0246866283837;0.00257230367481;0.395639765599;0.00327353505186;0.0293074831911;0.00327353507197
297;0.397449492495;0.00252060757587;0.0245576110976;0.00252060754037;0.39555594263;0.00325652625745;0.0297056446046;0.00325652617499
298;0.397481065787;0.0025293647533;0.0245973221784;0.00252936473636;0.39510943446;0.00326802866205;0.0289727236791;0.003268028389
299;0.397285580465;0.00245546782268;0.0243182692396;0.00245546777702;0.395662378209;0.00325323419707;0.0291192548725;0.00325323416231
300;0.39726435282;0.00244798304549;0.0240896756134;0.00244798306968;0.395710700572;0.003307298317;0.0293795995018;0.00330729833711
301;0.397291816442;0.00245714747909;0.0242328538426;0.00245714743531;0.396161599913;0.00335580502805;0.0296252455381;0.00335580520025
302;0.397286382619;0.00245187261063;0.0242411530115;0.00245187258547;0.395399706704;0.00318564195573;0.0286648568521;0.00318564187605
303;0.397315523919;0.00247043487084;0.024180947099;0.00247043489587;0.396030646749;0.00337950053492;0.029598669052;0.00337950063194
304;0.39733220345;0.00247537887945;0.0242415302963;0.00247537887861;0.395736355025;0.00336976359332;0.0293108298446;0.00336976360106
305;0.397276338679;0.00245199498176;0.0242465418335;0.00245199493616;0.395720812596;0.00326866920497;0.029040619912;0.00326866921791
306;0.397180567655;0.00240831905674;0.0240396244747;0.00240831900098;0.395778474915;0.00323541713043;0.0290704129938;0.00323541714358
307;0.397116898763;0.00239446205837;0.0239804630456;0.00239446202323;0.395314243001;0.00321512910644;0.0287228926512;0.00321512928026
308;0.397276779258;0.00244119287081;0.0241550091344;0.00244119284027;0.395524513484;0.00320495677682;0.0288594883257;0.00320495680544
309;0.397197740496;0.00241409979095;0.0241014957263;0.00241409970974;0.395635274239;0.00328281111271;0.029142519873;0.00328281116769
310;0.397123856065;0.00238239484361;0.023952334888;0.00238239481404;0.39551589586;0.00310903203293;0.0285101577615;0.0031090321683
311;0.397215440738;0.00242269595904;0.0240328495679;0.00242269588997;0.395427091772;0.00316705593852;0.0287088347702;0.00316705600562
312;0.397210597698;0.00241649059869;0.0240716030981;0.00241649056495;0.395689482111;0.00335439941552;0.0293149717424;0.00335439958724
313;0.397179033261;0.00242083220477;0.023966419632;0.0024208321813;0.395540387784;0.00327271414668;0.028700668022;0.00327271409494
314;0.396971477425;0.00232791901814;0.0236532345579;0.00232791907686;0.395831850676;0.0034132647031;0.028955190984;0.00341326477272
315;0.397081037032;0.00236742498432;0.0238002081032;0.00236742503554;0.395121848832;0.00313338865736;0.0284290965064;0.00313338857005
316;0.397031044248;0.00235245492926;0.0236626507477;0.00235245499125;0.394715096863;0.00301094804782;0.02802548672;0.00301094818164
317;0.397076802254;0.00237472662599;0.0238149923328;0.00237472658179;0.395385602386;0.00314283571222;0.0285702016942;0.00314283561844
318;0.397037333142;0.00236230390618;0.0237115789398;0.00236230393098;0.394969064829;0.00315145333684;0.0283510667269;0.00315145344978
319;0.397069910455;0.00236370236516;0.0236934675518;0.0023637024012;0.39519734722;0.00326130019837;0.0290445456566;0.0032613001337
320;0.397030194456;0.00235397357953;0.0236132953268;0.00235397360203;0.395222272885;0.0031886781145;0.0284964672516;0.00318867815009
321;0.396985078152;0.00233326746429;0.0236165895545;0.0023332674242;0.394682651386;0.00295302021793;0.0277895102562;0.00295302003279
322;0.396873508227;0.00229339629261;0.0233823060341;0.00229339629448;0.395166100755;0.00313922289822;0.0282173833479;0.00313922300884
323;0.396943357873;0.00231832993628;0.0235149542581;0.0023183298859;0.396086732857;0.00325527811785;0.029164602482;0.00325527814049
324;0.397099027758;0.00237665140705;0.0238381094157;0.0023766513909;0.39487964301;0.00308258646629;0.0283117456133;0.00308258654132
325;0.397038949759;0.00236111980935;0.0237235965512;0.00236111981607;0.395315770163;0.00308217092243;0.0281581078307;0.00308217083754
326;0.396952802748;0.00231523035747;0.0235007771704;0.00231523033461;0.39472666462;0.00310398554244;0.0282636335138;0.00310398556874
327;0.396928172545;0.002313323396;0.023498609095;0.00231332339564;0.395828136967;0.00320870023683;0.0285377395275;0.0032087004155
328;0.397106680963;0.00238570381222;0.0237452430917;0.00238570393039;0.394632820275;0.00300759975056;0.0279131103555;0.00300759982018
329;0.396909967924;0.00230508879934;0.0233675954655;0.00230508885286;0.394929912459;0.00304152335432;0.0278645475951;0.00304152322901
330;0.396954547523;0.00232097356254;0.0235530284637;0.00232097360378;0.39509312457;0.00310651799262;0.0283460945349;0.00310651795085
331;0.396677484961;0.00221865162598;0.0229283561054;0.00221865154367;0.394830964713;0.00298428166004;0.0276188261794;0.00298428151857
332;0.396807120605;0.00227060122542;0.0232631072741;0.00227060122065;0.395222249815;0.00312096120223;0.0285738465249;0.00312096099261
333;0.396818427219;0.00227610575882;0.0232118196853;0.0022761057815;0.39549390744;0.00316672920437;0.0282392800501;0.00316672940244
334;0.396851262845;0.00228260589431;0.0232955007129;0.00228260587629;0.394953413263;0.00305811290867;0.0279579858274;0.0030581129489
335;0.396942313228;0.00232139393482;0.0233904684248;0.00232139399408;0.395513816737;0.00326826285002;0.0288309248798;0.00326826291469
336;0.396849519138;0.00228484130283;0.0233316146108;0.00228484128408;0.394833968426;0.00311425537957;0.0279850631804;0.00311425530299
337;0.396849353824;0.00229055938801;0.0231455614108;0.002290559435;0.395050848213;0.00306930300091;0.0279918366642;0.00306930305507
338;0.396761202828;0.00224817504526;0.0230595601137;0.0022481750074;0.39519982936;0.00315263179213;0.0281395446633;0.00315263188108
339;0.396656765814;0.00221037898902;0.0228925261705;0.00221037896967;0.395521536883;0.00324383836333;0.0286624193541;0.00324383837344
340;0.396906111209;0.00231143274937;0.0233800551469;0.00231143275439;0.394980205452;0.00309565224131;0.0284277650147;0.0030956522854
341;0.39686578732;0.00228803748162;0.0233073550463;0.00228803749813;0.395203041844;0.00307658949532;0.0282694422317;0.00307658944722
342;0.396773976784;0.00225501165193;0.023060213669;0.0022550115998;0.395306920688;0.00316866665407;0.0278698120551;0.00316866656357
343;0.396670892842;0.00221427451069;0.0229852719837;0.00221427455665;0.394968551791;0.00308531575542;0.0282676279377;0.0030853156293
344;0.396567115877;0.00217386752591;0.0227516264314;0.00217386754187;0.395093874777;0.00312471375538;0.0279465581157;0.00312471398357
345;0.396665879395;0.00220963893392;0.0228463126226;0.00220963898695;0.394422628917;0.00298215179484;0.0278496776979;0.00298215184658
346;0.396640314746;0.00219340266714;0.0228634087567;0.0021934027004;0.39487126727;0.0030275418058;0.0274689905222;0.00302754187697
347;0.396554983405;0.00216969388839;0.0226782838952;0.00216969387195;0.395043351377;0.00309342865835;0.0278847589248;0.00309342856862
348;0.396669659785;0.0022157291742;0.0228957649785;0.00221572914294;0.394992306086;0.00303397544287;0.02752863341;0.00303397567454
349;0.39666291754;0.00221282689663;0.0228885011288;0.00221282687552;0.395123602409;0.00303467690699;0.027452175803;0.00303467671418
350;0.396607144669;0.00218761094816;0.0228043577646;0.00218761099375;0.395444308504;0.00320549966672;0.028399769947;0.00320549948416
351;0.396659733599;0.00221585989325;0.0228860213046;0.00221585993897;0.394561001617;0.00289913636192;0.0274380811995;0.00289913637082
352;0.396601849655;0.00218526502733;0.0227504151508;0.00218526502624;0.394717760161;0.00290813488171;0.0271964017982;0.00290813474557
353;0.396485049957;0.00214381038411;0.0224777642057;0.00214381037346;0.39434563948;0.00291084631843;0.0274310578243;0.00291084629862
354;0.396679571759;0.00221930139365;0.0228796113486;0.0022193013896;0.394793736182;0.00306821045268;0.0276009334852;0.00306821060584
355;0.396639152115;0.00220065050541;0.0228146427047;0.00220065050414;0.395241287433;0.00315529639677;0.0281429810631;0.00315529654149
356;0.396629961357;0.00219736355145;0.0227754250682;0.00219736354831;0.394758352509;0.00306172107588;0.027871055479;0.0030617212739
357;0.39649865426;0.00214036087463;0.0224741323573;0.00214036086163;0.394907323333;0.00291837625749;0.0269925955735;0.00291837604163
358;0.396617289162;0.00219380149382;0.0226802613557;0.00219380140413;0.394516735081;0.00298602467185;0.027285939757;0.00298602489037
359;0.396486855854;0.00213717590056;0.022482562785;0.00213717588121;0.394973477556;0.0029669047896;0.0274965268068;0.00296690466186
360;0.396408321439;0.00211273371726;0.022400827582;0.00211273370716;0.394642741577;0.00287246139855;0.0267852076277;0.0028724614144
361;0.396534105725;0.00215869531628;0.0225061708892;0.00215869527667;0.393971694012;0.00283164195733;0.0268781526894;0.00283164189023
362;0.396469438432;0.00213183492483;0.0224410920281;0.00213183489773;0.394904783299;0.00298313481541;0.0269547719632;0.0029831348332
363;0.396665660483;0.00220804053486;0.0227960755424;0.00220804052101;0.394973693312;0.00304263273008;0.0275395913373;0.00304263263388
364;0.396437262343;0.00211843005527;0.022386496517;0.00211843012802;0.395056291177;0.00302155458359;0.0274956438789;0.00302155456348
365;0.396341192598;0.0020837337742;0.0221518924049;0.00208373374856;0.394683905256;0.00283258767821;0.0268371010186;0.00283258774693
366;0.396452852627;0.00212409218374;0.0225091048137;0.00212409216717;0.39473611661;0.00301883215985;0.027606511668;0.00301883227433
367;0.396485072467;0.00214036864362;0.0224790403624;0.0021403686646;0.394992662594;0.00311517595967;0.0277704429269;0.00311517587963
368;0.396347641403;0.00208271289402;0.0221427593158;0.00208271289111;0.394622668673;0.00299278776118;0.0274273184905;0.0029927878834
369;0.396344658415;0.00208341092869;0.022261941371;0.00208341094079;0.395042185258;0.00316742561942;0.0276477512218;0.00316742558708
370;0.396493742358;0.00214631473355;0.0224806315007;0.00214631469334;0.394499298544;0.0029266655787;0.0272925837875;0.00292666541781
371;0.39622451372;0.00204123659047;0.0220353507067;0.00204123657433;0.394635066597;0.00295637665598;0.0272016067756;0.00295637685405
372;0.396445187717;0.00212645270245;0.0223948043024;0.00212645268213;0.394446010308;0.00274741938926;0.0265592846623;0.00274741957297
373;0.39634631691;0.00208642111281;0.0222658483016;0.00208642113494;0.394628855503;0.00290740480139;0.0272785580859;0.00290740480786
374;0.396313634987;0.00207657444382;0.0220911129709;0.00207657447055;0.394427834159;0.00298796264854;0.0272151219946;0.00298796256771
375;0.396343445824;0.00208497445008;0.0222167455105;0.00208497444192;0.394635619492;0.00281476081566;0.0269856927464;0.00281476078089
376;0.396282892877;0.00206339446072;0.0220600523287;0.00206339449864;0.394382358092;0.00290314603885;0.0271055753036;0.00290314618311
377;0.396394624849;0.0021078179034;0.0223188735051;0.00210781788435;0.394451795767;0.00273592915053;0.0265950017557;0.00273592921116
378;0.396215059169;0.0020391308102;0.0220627833951;0.00203913081607;0.394257417153;0.00278509789505;0.026502281186;0.002785097885
379;0.396228186031;0.00204113619638;0.0219019068845;0.00204113620956;0.394671252722;0.00294343962701;0.0270182963189;0.00294343972362
380;0.396242557392;0.00204622461388;0.0219462399378;0.00204622465887;0.395067461107;0.00304125683565;0.0274362414333;0.00304125707312
381;0.396146028305;0.00201317268345;0.0218319664634;0.00201317265896;0.394503455816;0.00286912354689;0.0271457880089;0.00286912371909
382;0.396346263189;0.0020851867548;0.0221430579021;0.00208518673515;0.394645475371;0.00295525116141;0.0272871283907;0.00295525113433
383;0.396269873551;0.00206069738447;0.0220170880254;0.00206069737588;0.39470166744;0.00292111356733;0.0274016926608;0.00292111371527
384;0.396246811167;0.00204794775888;0.0219940075027;0.00204794779728;0.394540276638;0.00285628578081;0.0268476098541;0.00285628593938
385;0.396177004684;0.00202153814358;0.0218095908266;0.00202153816299;0.394031918297;0.00270091209273;0.026284367965;0.00270091213962
386;0.3962316736;0.00204323149474;0.0219024654787;0.0020432314616;0.395116750485;0.00305474171588;0.0272472727103;0.00305474159985
387;0.396051826384;0.00196302977926;0.0215589584526;0.00196302976281;0.394986305696;0.00307745469965;0.0277093275735;0.00307745463902
388;0.396338792095;0.00208509316807;0.0220438632766;0.00208509324735;0.395149568585;0.00294972392746;0.0272523470693;0.00294972384933
389;0.39627686677;0.00206021776919;0.0220246364854;0.00206021776411;0.394539334811;0.00286425783108;0.0267261305513;0.00286425801136
390;0.39617355808;0.00201911165693;0.0218347708349;0.00201911164097;0.394570140348;0.00294443568218;0.0269457407271;0.00294443560405
391;0.396288503037;0.00206741942238;0.0219709802429;0.00206741939317;0.394343766901;0.00290174033014;0.0271914402709;0.00290174029942
392;0.396148884033;0.00200974691302;0.0217397988539;0.00200974688448;0.394401516728;0.00284412587479;0.026537047532;0.00284412588562
393;0.395960884915;0.00193673210019;0.0214399819318;0.00193673213805;0.394708515352;0.00292796049649;0.0269787372219;0.00292796040028
394;0.396030538175;0.00195397671735;0.0215189509645;0.00195397670502;0.394120251222;0.00275376781495;0.0264619945725;0.0027537679186
395;0.395936904341;0.00192557140973;0.0213383052914;0.00192557141844;0.394503675091;0.00283099048263;0.0265413192424;0.00283099052871
396;0.396003926435;0.00195742326819;0.0214890814176;0.001957423244;0.394509326778;0.00284908173654;0.026726825664;0.00284908181273
397;0.396115350476;0.00199656370483;0.021717640594;0.00199656367895;0.394513459773;0.00289954000214;0.0267945486897;0.00289954018404
398;0.396146060074;0.00200866924798;0.0217328638651;0.00200866925421;0.394724139938;0.00284479738854;0.0263967216139;0.00284479733168
399;0.396134085733;0.00200769425588;0.0217503630147;0.00200769425521;0.393993593856;0.00278506344411;0.0262604902188;0.00278506359407
400;0.396193874424;0.00202676975658;0.0218220583253;0.00202676974406;0.394798313462;0.00296072537339;0.0268841303291;0.00296072541207
401;0.396064515764;0.00197572007425;0.0215881656788;0.00197572006263;0.394819811607;0.00285907865893;0.0268171955767;0.00285907884649
402;0.396087261268;0.00198293508097;0.0216270186655;0.00198293511925;0.39494711022;0.00304218795478;0.0273320399398;0.00304218815667
403;0.395984677355;0.00194545450856;0.0214827055155;0.00194545450669;0.394371142611;0.00281276669153;0.0266439678768;0.00281276678611
404;0.3959628974;0.00194633988101;0.0213737994868;0.00194633989855;0.394567029322;0.00292848586414;0.0271742923612;0.00292848589895
405;0.395923389893;0.00192211761738;0.021307226972;0.00192211761859;0.394597999234;0.00300887447358;0.027619532898;0.00300887465306
406;0.395966135991;0.00193698314406;0.0213774270913;0.00193698312531;0.394520235616;0.00287852366764;0.0267409447123;0.00287852347117
407;0.39611796184;0.00199862680791;0.0215546572857;0.00199862682327;0.39379970274;0.00280896417987;0.0266861701902;0.00280896414754
408;0.395959748123;0.00193784371424;0.0213691695663;0.0019378437631;0.393937323676;0.00267627711897;0.0260319387683;0.00267627716074
409;0.396035347635;0.00197089147784;0.0213576818587;0.00197089148286;0.394257411257;0.00291176574683;0.0272055108734;0.00291176589599
410;0.3960182629;0.00195485144545;0.0214008726218;0.00195485139084;0.394127144865;0.00274016269818;0.0264738953774;0.00274016274885
411;0.395878119407;0.00190327868029;0.0211937228484;0.00190327872425;0.393920297734;0.00276055976509;0.0264018726755;0.00276055967131
412;0.395964764697;0.00193846287278;0.0213907101296;0.00193846282803;0.39411702059;0.00267726571711;0.026064529291;0.00267726580993
413;0.395730991317;0.00184087630652;0.0208533825754;0.00184087629103;0.394251858816;0.0027261955248;0.0262692031489;0.0027261955915
414;0.396030808068;0.00195979931204;0.0214184345102;0.00195979931682;0.393731418638;0.00259783112543;0.0259555238748;0.00259783109758
415;0.395918708715;0.00192054666905;0.0212776108164;0.00192054662866;0.394228366307;0.00272291628709;0.0262340324698;0.00272291654983
416;0.395823279573;0.00188357013647;0.0210769033848;0.00188357011361;0.394064404838;0.00267277879097;0.0259262266448;0.00267277893562
417;0.395926719873;0.00192111483733;0.0212222660981;0.00192111483908;0.393761829473;0.00270291274743;0.0262197003532;0.00270291278947
418;0.395862482972;0.00189571624295;0.021155920706;0.00189571624888;0.39415393745;0.00285824086359;0.0267436586605;0.00285824087404
419;0.395821296023;0.00188545365376;0.0209463792294;0.00188545366017;0.394198093253;0.00274448476638;0.0259497839983;0.00274448476395
420;0.395803299709;0.00187434509578;0.0209041464764;0.00187434510812;0.39421597737;0.00272727098534;0.0260050611205;0.00272727100816
421;0.395842770864;0.00189432700969;0.0210605393979;0.0018943270067;0.393470914207;0.00247853024727;0.0250604389326;0.00247853014662
422;0.395924201058;0.00192535073261;0.0211618422243;0.00192535069148;0.394954279808;0.00293665166954;0.0269494604233;0.00293665174379
423;0.395977147136;0.00194968436476;0.0213387276135;0.00194968429315;0.39370318823;0.00257931546568;0.0255149271171;0.00257931538807
424;0.395913357115;0.00191400481721;0.021220233183;0.00191400477312;0.394082723266;0.00273954052868;0.0257473375364;0.00273954060526
425;0.395950220359;0.00193535281001;0.0211631439104;0.00193535278058;0.393630118109;0.00254286961394;0.0254387013782;0.00254286961798
426;0.395840667842;0.00189139293507;0.0209989888627;0.00189139293083;0.394234430255;0.00269352012017;0.0258757306319;0.00269351993762
427;0.395690754188;0.00183151256474;0.0208196654471;0.00183151255186;0.393705936459;0.00274193492805;0.0262801223758;0.00274193496443
428;0.395849372985;0.00189921687774;0.0210789969264;0.00189921682743;0.393688174478;0.00266737828303;0.0255554276286;0.00266737822309
429;0.395891837547;0.00190816343224;0.0211353428294;0.00190816343236;0.394381964062;0.0028084440346;0.026145214797;0.00280844400347
430;0.395855302609;0.00189478169213;0.0210413798322;0.00189478164623;0.393847004025;0.00260526890266;0.0260944793007;0.00260526880094
431;0.395867177279;0.00190285289715;0.0211320243002;0.00190285292218;0.394743172969;0.00290365513259;0.0267645909852;0.00290365533308
432;0.395814347019;0.0018807005237;0.020943711133;0.00188070050029;0.3937763746;0.00269609056274;0.0258910251887;0.00269609035621
433;0.395666676171;0.00182995454765;0.0206973898333;0.00182995454753;0.394137773973;0.00260714590331;0.0255515105026;0.00260714594293
434;0.39569719183;0.00183083991085;0.0208450725326;0.00183083989657;0.393838282439;0.0026738791192;0.025614714448;0.00267387907898
435;0.39573119806;0.00184785090332;0.0208113871118;0.00184785090133;0.39418161857;0.00265265780035;0.0258215957696;0.0026526578626
436;0.395813372445;0.00187166531002;0.0209386946309;0.00187166528619;0.394093581212;0.00277922364831;0.0263409262888;0.00277922364096
437;0.395626003835;0.00181024845478;0.0206467643777;0.00181024848756;0.394094401143;0.00266876220606;0.0257667614044;0.00266876215917
438;0.395620446608;0.00181251195949;0.0206042506913;0.0018125119688;0.393858705743;0.00271391053143;0.0259852355464;0.00271391028429
439;0.395659345698;0.00182009827134;0.0206908522362;0.00182009830732;0.394622436828;0.00287688875687;0.0265003482928;0.00287688892988
440;0.395640241728;0.00181791278824;0.0206691480089;0.00181791282271;0.39373379817;0.00264269120889;0.0258295985613;0.00264269135625
441;0.395708077465;0.00184516733724;0.0207235789386;0.00184516733494;0.394627469488;0.00274012663714;0.0261353142236;0.00274012679519
442;0.395601312789;0.00179618759921;0.0205658420398;0.00179618756371;0.394384485246;0.00263310893651;0.0258707584708;0.00263310902585
443;0.395615114206;0.00179500500829;0.020529195973;0.00179500500176;0.393731910425;0.00253980115182;0.0255477647426;0.00253980125045
444;0.395619472946;0.00180618646379;0.0207129066002;0.00180618642013;0.39382132274;0.00267167385525;0.0260283722917;0.00267167394808
445;0.395633367904;0.00181472673196;0.0206658445889;0.00181472673377;0.393882061665;0.00269783801842;0.0260328827296;0.00269783808067
446;0.395655670429;0.00182566984883;0.0206363821475;0.0018256698648;0.393797257909;0.00275938091351;0.0262368021415;0.00275938064935
447;0.39547808161;0.00175120413315;0.0203568486173;0.00175120413654;0.394326412843;0.00291940597122;0.026712843702;0.00291940600356
448;0.395679131081;0.00182601877857;0.0207496175518;0.00182601876669;0.394533675275;0.00287812076427;0.0267882315918;0.00287812083775
449;0.395744008383;0.00185802681372;0.0207401303531;0.00185802681359;0.394109216105;0.00269256403044;0.0257884457824;0.00269256421355
450;0.395597337608;0.00179394352419;0.020581765859;0.00179394354944;0.393865826419;0.0026546021416;0.0253637712325;0.00265460210911
451;0.395374927908;0.0017108788872;0.0201120603152;0.00171087892563;0.393520898807;0.00253491883996;0.0255219998976;0.00253491883632
452;0.395638367232;0.00181720992853;0.0205886814782;0.00181720990772;0.393639525702;0.00265393453647;0.0256566211297;0.00265393450824
453;0.395551411873;0.00177845376211;0.0204457070369;0.00177845375455;0.393832009803;0.00259661013964;0.0254057174704;0.00259661005071
454;0.395587201273;0.00179739615898;0.0204857947803;0.00179739615469;0.394306921781;0.0027343079423;0.0260122453614;0.00273430809507
455;0.395559704257;0.00178407670694;0.0204970890874;0.00178407672617;0.393740397981;0.00258319644086;0.0256230945233;0.00258319649098
456;0.395684502806;0.00183088489155;0.0206506480799;0.00183088487271;0.393953599506;0.00263372088583;0.0256552080503;0.00263372082124
457;0.395592040242;0.0017936174612;0.0204945342678;0.0017936174632;0.393625369295;0.0025284426269;0.0252126471799;0.00252844251251
458;0.395631532267;0.00181645903942;0.020589549974;0.00181645909887;0.393817032987;0.0026886804618;0.0257417847313;0.00268868044362
459;0.395487016207;0.00175362483284;0.02035945711;0.00175362485921;0.393882124892;0.00254415115261;0.025258011702;0.00254415122375
460;0.395401224099;0.00172099646217;0.0200804525304;0.00172099644445;0.394629643902;0.00284728360056;0.0259951280114;0.00284728373825
461;0.395589580629;0.0017968435685;0.0204200573207;0.00179684351945;0.394304011638;0.00269735321611;0.0258613696788;0.00269735335557
462;0.395450826233;0.00173606335494;0.0202513110928;0.0017360633218;0.393704597538;0.00271768770815;0.0256980669954;0.00271768767411
463;0.395393382125;0.00172076272869;0.0201299084026;0.00172076269144;0.393618795814;0.00268580484408;0.025873503195;0.00268580489905
464;0.395536013826;0.00176526794624;0.0204181604407;0.00176526790028;0.394351657047;0.00277504995017;0.0261749565923;0.00277504978231
465;0.395386917374;0.00171274547689;0.0200354718736;0.00171274547907;0.393889666018;0.00257611455001;0.0254694513213;0.00257611453263
466;0.395322200586;0.00168930738699;0.0199848932405;0.00168930744341;0.393468182645;0.00241054734525;0.0247211261433;0.00241054742453
467;0.395317360101;0.00168427303926;0.0200117669971;0.00168427308241;0.394058234162;0.00269251063582;0.0258163209526;0.00269251064593
468;0.395407900315;0.00172074351599;0.0201837517176;0.0017207434915;0.394196723585;0.00267891855323;0.0257881527884;0.00267891862748
469;0.39539345989;0.00171254957845;0.0201135878052;0.00171254959598;0.393234151105;0.0024766925243;0.0250680649058;0.00247669265001
470;0.395498048423;0.00175440376425;0.0202731956454;0.00175440370649;0.393697355376;0.00265199136789;0.0253337252996;0.00265199144563
471;0.395468157313;0.00174298244305;0.0202658103871;0.00174298242182;0.393833520822;0.00270724203559;0.0256777849346;0.00270724207763
472;0.395393703619;0.00171001059166;0.0200632066038;0.00171001059003;0.393418009693;0.00260037889215;0.0256827396783;0.00260037879314
473;0.395355790157;0.00169727901568;0.0199998911954;0.00169727902058;0.393550842173;0.00249441456658;0.0250846033838;0.00249441473029
474;0.39544744504;0.00173636584313;0.0200820097376;0.00173636583273;0.393673106483;0.00267035197745;0.0256159391279;0.00267035205326
475;0.395565482579;0.00178050544179;0.020306302817;0.00178050542392;0.393699832364;0.00250615319965;0.0252171661899;0.00250615319722
476;0.395340690814;0.0016947378871;0.019934966541;0.0016947378682;0.393576087548;0.00257210824035;0.0248726923019;0.00257210824422
477;0.395393993607;0.0017191168307;0.0200155074923;0.00171911686886;0.393945144593;0.00264973774837;0.0254373397264;0.0026497379432
478;0.395291431136;0.00167418658358;0.0198733302245;0.00167418655589;0.394330204919;0.00272623569692;0.0257475339743;0.0027262355983
479;0.395299523759;0.0016882364005;0.0199085309347;0.00168823641498;0.393220942571;0.00245393388145;0.0251327846329;0.00245393390813
480;0.395224423935;0.00164661173421;0.019823156123;0.00164661177331;0.394226788484;0.00273393034824;0.0256359384231;0.00273393014635
481;0.395193959289;0.0016370408338;0.019753268005;0.00163704084178;0.394205469845;0.00266459012508;0.0254357533478;0.00266459011214
482;0.395414716578;0.00173183624856;0.0201372451151;0.00173183628322;0.3942536781;0.00273604582194;0.0257788023593;0.00273604583741
483;0.395201287424;0.00164446544725;0.019701971043;0.00164446542351;0.393410559226;0.00244701613297;0.0247280216168;0.00244701601413
484;0.395179848145;0.0016289269011;0.0197060379038;0.00162892694352;0.393973096067;0.00261045625724;0.0250061164329;0.00261045628741
485;0.395394506547;0.00172262014882;0.020055628206;0.00172262013569;0.393781906822;0.00250824764791;0.0248702685413;0.00250824779505
486;0.395144485885;0.00161855707498;0.0195683838824;0.00161855709676;0.393615292156;0.00254372451911;0.0250666250608;0.00254372440308
487;0.395519096248;0.0017651029597;0.0201516724233;0.00176510292898;0.394025871323;0.00263571471765;0.0254742956539;0.00263571475241
488;0.395290336826;0.00167341925567;0.0197589527922;0.00167341922132;0.393632248589;0.00250839308156;0.0245193330713;0.00250839310593
489;0.395242021254;0.00166138135054;0.0196709511594;0.00166138134304;0.393295807143;0.00251089240838;0.0251544045621;0.0025108924767
490;0.395054444446;0.00158406343895;0.0193748157413;0.00158406341128;0.393528220166;0.00249082687546;0.0247146140821;0.00249082685535
491;0.395324164087;0.00168623787587;0.0198390822364;0.00168623788294;0.393364982266;0.00252725003116;0.0248849006473;0.00252725023893
492;0.395377113463;0.00171483190621;0.0200436818367;0.00171483195889;0.393694725346;0.00254782723523;0.025169313053;0.00254782719191
493;0.395389662424;0.001714475142;0.0200225190335;0.0017144751143;0.394171685912;0.00283124053708;0.0260690830441;0.00283124066482
494;0.395146073676;0.00162248383037;0.0195915865027;0.00162248382067;0.392759861047;0.00224269946041;0.0237558381539;0.00224269939272
495;0.395328209896;0.00169917680771;0.0198573706299;0.0016991768599;0.393925758803;0.00262598647047;0.0252866436171;0.00262598640539
496;0.395161547707;0.00162723356507;0.0195861231652;0.00162723358382;0.394048593072;0.00267805776751;0.0253572248578;0.00267805786265
497;0.395301865401;0.00168274946589;0.0198028853178;0.00168274942725;0.393372506835;0.00250530345673;0.0251386960542;0.0025053034834
498;0.395174012122;0.00163406743598;0.0196153848231;0.00163406741972;0.393731604086;0.00262292877592;0.0251288906334;0.0026229286274
499;0.395110084144;0.00161068963534;0.0194827922801;0.0016106896296;0.393857364646;0.00265199204538;0.0252831772086;0.00265199198434
